id,Domain,Status,Attractiveness,Demand,Length,Registrar,Created,Expires
361b0b72-e9c6-4e51-b009-420acae207b5,abactinal.audio,available,50,1,9,,,
59867a9e-ef7a-4925-81f1-5011d7a2a751,abaft.audio,available,43,2,5,,,
6557998b-f0bb-43f3-85d0-0ed1fae0f62b,abandoned.audio,available,58,10,9,,,
c2970cf8-3087-44d2-91bb-fd9298308120,abashed.audio,available,60,2,7,,,
3bd83136-fabf-4777-bcca-623c4050043b,abasic.audio,available,54,2,6,,,
22ff470f-6f06-44bc-8f95-0f22008d40aa,abatable.audio,available,54,1,8,,,
00b2f349-6538-4a39-bce9-79d970e28671,abatic.audio,available,54,2,6,,,
ad9d4d62-f962-49ab-a15e-d8635e62e011,abaxial.audio,available,54,2,7,,,
c7f93ff1-61d9-4154-a0d6-9a6fc804cf93,abbatial.audio,available,50,1,8,,,
1f07f140-e5ae-4796-84b2-5c4d1b01de79,abdicable.audio,available,50,1,9,,,
6693a2c6-02c4-40f3-9f3f-ce8d3c10c308,abdominal.audio,available,82,2,9,,,
7e5b95ae-0e4d-444d-b978-f0462245441a,abdominous.audio,available,56,1,10,,,
3926693d-bf3e-4357-8968-cc0bfa757207,abducens.audio,available,54,1,8,,,
3b52e5fb-d190-4a8b-9668-4f3e1f345c40,abducent.audio,available,68,1,8,,,
68372726-0363-4de2-a389-556ed6517623,abducting.audio,available,50,1,9,,,
ad7237f6-4e8f-4a01-965b-ac4e10624157,abenaki.audio,available,82,3,7,,,
5c4ad360-8924-42db-be24-5255c652d8ae,aberdonian.audio,available,68,1,10,,,
5314197e-f7c5-4663-8ea1-0ba3cb8455b8,aberrant.audio,available,74,7,8,,,
8489a250-66bc-4ced-b89d-447de79a401d,abeyant.audio,available,56,2,7,,,
24e31f7a-913e-4383-86e5-56cd139e2c51,abhorrent.audio,available,54,1,9,,,
966cd0c0-8505-4ea0-88c0-6ca5add766b3,abiding.audio,available,106,5,7,,,
de69f379-9e4b-425b-9346-124a015d22c3,abient.audio,available,54,1,6,,,
da7c328f-794d-4c67-9d63-29a65d355888,abject.audio,available,94,8,6,,,
ea2092ac-b674-49ef-a6dd-cc92396e0dd2,abkhas.audio,available,68,1,6,,,
663d31c6-6e87-49e0-b324-798df2f229ce,abkhasian.audio,available,78,1,9,,,
c3db5867-823c-43be-8b04-96c9cdab8a13,abkhaz.audio,available,82,2,6,,,
3ce6e667-2ac1-4066-88c6-eeebbb342496,abkhazian.audio,available,78,1,9,,,
e9a3428f-02d5-4228-a340-bfa303dea02c,ablated.audio,available,52,2,7,,,
6c493104-fa48-4060-90f7-e36e8cd74bf0,ablative.audio,available,68,3,8,,,
2ef7ea7f-3065-46a2-b579-1086b550df93,ablaze.audio,available,72,6,6,,,
5cc32a55-8791-4f71-9ebe-fd78b5fe4321,able.audio,available,80,29,4,,,
1a904d91-a260-402a-b4f1-4fa825c724e6,abloom.audio,available,72,5,6,,,
1c1824db-8450-4bd5-92aa-9a7861178b5f,abnaki.audio,available,68,2,6,,,
c9ad60e5-38b1-4bd8-b88b-987af55e2c0b,abnormal.audio,available,74,16,8,,,
91a7a1f8-768d-4370-9904-387616ed4f3f,abo.audio,available,62,15,3,,,
7f6899c0-9e7f-4dcd-a87b-ce0b222c75b4,abomasal.audio,available,50,1,8,,,
10736e31-b548-4fb1-a8f6-3e55ea64a529,abominable.audio,available,52,3,10,,,
a9f928f5-214d-4c4b-ac11-de250daa6e1c,aboral.audio,available,54,2,6,,,
94431aa9-89e8-48f3-bac6-4616249ab430,aboriginal.audio,available,86,8,10,,,
9e5f27a7-1dda-4600-ab15-b67a03224343,aborigine.audio,available,62,2,9,,,
cb129c28-e546-47aa-a325-2449e8d3cc08,aborticide.audio,available,50,1,10,,,
d87b9e9a-8212-4360-b63b-2c2b59eb4307,abortive.audio,available,90,1,8,,,
984e27c4-f5f8-4d7e-8bdb-1bc4ffa38af1,aboulic.audio,available,52,2,7,,,
cb79a4ae-9fe1-4ce2-b5bc-c923433c1a40,abounding.audio,available,78,2,9,,,
96b29914-9625-4c4a-a79b-cd2cabd57434,above.audio,available,112,22,5,,,
9278c56c-f33a-482b-8104-56e122524a70,aboveboard.audio,available,60,5,10,,,
299d228b-fa9b-476c-a240-a16e29bf8541,abradant.audio,available,70,1,8,,,
9ce388cf-ee6e-4979-80ad-d88bfecb9ae1,abranchial.audio,available,50,1,10,,,
60c89a0f-e231-4066-9844-1638a6220bc5,abrasive.audio,available,76,6,8,,,
43f5acad-09e9-4855-a190-6d7ce4f2606e,abreast.audio,available,72,3,7,,,
9d1264de-962f-479f-a0fa-dd41771deb8d,abridged.audio,available,58,5,8,,,
2389d526-48f9-4c60-bd95-6f6b50042606,abroach.audio,available,82,1,7,,,
9a3769f2-9ece-4957-b2fb-aa1addbf7550,abroad.audio,available,92,12,6,,,
9b7a0257-2458-48ec-bcdb-410d11da5018,abrupt.audio,available,100,4,6,,,
c72a5438-8e17-497a-9538-0c782d4b5a35,abscessed.audio,available,41,1,9,,,
b71b9be1-dd09-4cde-81a0-8f1cf9d289bf,absolute.audio,available,80,25,8,,,
f9fd7601-27cc-48e8-a569-0693223b864a,absolutist.audio,available,72,2,10,,,
467274e0-0ca2-4a6e-9846-7644cbfd94ec,absolved.audio,available,64,2,8,,,
96b20df5-3ca6-46e7-8f5d-fb69ba6cf4cd,absorbable.audio,available,80,1,10,,,
de53f87e-ff3b-49b0-a275-41e52a81a1c2,absorbed.audio,available,72,2,8,,,
b736c6e6-b19a-442d-aebc-94482b1e52a4,absorbent.audio,available,82,3,9,,,
1236c1b6-8077-4554-a1b0-2f704728e7d2,absorbing.audio,available,70,3,9,,,
de5537b2-7398-413c-8665-a4958b95d073,absorptive.audio,available,78,1,10,,,
ac16fe72-b167-46fe-a79f-c433d973a586,abstainer.audio,available,60,1,9,,,
95c30b8a-d2b3-4417-8676-4c8222ecb918,abstemious.audio,available,60,1,10,,,
0b153dfd-bebc-4458-aa17-e68f7384a659,abstinent.audio,available,66,1,9,,,
9543e41f-1d52-42a3-9849-cf29944ed403,abstracted.audio,available,48,6,10,,,
65eb965b-aae2-4778-bc34-f8f498c91be8,abstruse.audio,available,52,3,8,,,
0c1ea0ff-57c3-46bf-ab39-c13f74f297a4,absurd.audio,available,80,17,6,,,
2dfa6eac-741d-4d14-89db-8ed0efecd1e8,abulic.audio,available,70,2,6,,,
69a30c15-3e9e-43a5-ba67-6f857606e30d,abused.audio,available,58,5,6,,,
531517a8-c640-4ddb-a885-17463e911163,abusive.audio,available,52,3,7,,,
7b7f48da-f46e-47ee-8eea-90d3f7b8fc66,abuzz.audio,available,58,5,5,,,
95821daa-ff48-4ff3-8ce1-a19eebed929d,abysmal.audio,available,52,4,7,,,
ff1f0ba8-0934-467f-a464-d6ca6f721656,abyssal.audio,available,48,13,7,,,
d42d07e2-c396-401a-a873-0cce4fd1c0dc,academic.audio,available,96,20,8,,,
dd1c51f2-c5c4-403e-80d9-4ee9b75ae1c5,acanthoid.audio,available,46,1,9,,,
fd0fd53a-721b-4610-9533-2ded7ce48f93,acanthotic.audio,available,46,1,10,,,
918cbf01-419d-4f6a-8e85-e161cc80996d,acanthous.audio,available,46,1,9,,,
877d259d-5ce1-48c7-81e9-82c8154f5611,acapnial.audio,available,46,1,8,,,
cc4d88d6-ed0e-4511-87ff-5a32c02ca812,acapnic.audio,available,50,1,7,,,
43016ca4-33c4-45ce-b6fe-6ee6d4d1ce68,acapnotic.audio,available,50,1,9,,,
7a8143d4-9a7e-4e72-9f40-b9cd09f9fa19,acappella.audio,available,66,6,10,,,
78fd154c-289c-42fc-a005-2025df8b4efc,acarpelous.audio,available,46,1,10,,,
914a2974-320e-4004-820e-5f07904173aa,acarpous.audio,available,46,1,8,,,
c5ebd2f9-01cc-445c-a987-1bdab924781f,acaudal.audio,available,50,1,7,,,
fe65eb00-a626-4ded-9800-7642d6648247,acaudate.audio,available,46,1,8,,,
12272402-0b70-4bce-9b4e-4321d7a6b27e,accented.audio,available,58,2,8,,,
bbca3f40-bfe0-46de-be77-5d97aa97b393,accentual.audio,available,54,2,9,,,
3adc24ed-308c-47dd-a754-3d73f873c780,acceptable.audio,available,78,5,10,,,
6a10069b-5259-48ad-97b6-ccfe849ff898,acceptant.audio,available,78,1,9,,,
02dd71bc-4332-4410-96f7-5d9a4c242e37,accepted.audio,available,78,6,8,,,
611fa6c5-0b62-422f-be1e-cd84fa2e4f58,accepting.audio,available,74,3,9,,,
a4898809-eb41-48ab-85bf-cdfc01f6d292,acceptive.audio,available,60,1,9,,,
212f5214-54bf-4e3b-9b72-05a29c09437e,accessary.audio,available,66,1,9,,,
cc48cc2d-d1e7-44d4-b3cb-13b4d123566b,accessory.audio,available,84,9,9,,,
3d0ad2b6-b3d0-41bb-a273-1fcdf33f516f,accidental.audio,available,78,11,10,,,
47cbbe05-197b-4867-909f-d67541cf499d,accordant.audio,available,64,3,9,,,
ea367424-a790-4e09-99ff-db7966dac8a4,according.audio,available,66,4,9,,,
e8233279-8e11-416c-8b0d-716384fef380,accoutered.audio,available,56,1,10,,,
97961c29-076f-47c5-b405-afcd7ec2f317,accoutred.audio,available,58,1,9,,,
8a59bb33-db13-4121-8d1f-aba2ecbaca47,accredited.audio,available,68,9,10,,,
c7b62acc-edbe-4ed8-b9a9-5766fa97c6d7,accretive.audio,available,58,6,9,,,
d873ce52-8054-4279-b0d7-dc084efd0f13,accrued.audio,available,62,3,7,,,
9f901f5d-ed06-444f-a49c-478bc19dc9a2,accumbent.audio,available,70,1,9,,,
f11ff5a3-3a1e-4c6b-9fb1-c3e20c837d80,accurate.audio,available,78,16,8,,,
33f5bdf0-79eb-4644-b280-1c618e8f5495,accursed.audio,available,54,3,8,,,
8261c027-9b15-4f71-9dfb-859e3b7dd552,accurst.audio,available,40,1,7,,,
8799544f-5259-4e4c-94e9-191d81791e97,accusative.audio,available,72,1,10,,,
70fb22b2-771c-4f7e-8f0b-7cce1451715c,accusatory.audio,available,44,1,10,,,
17ba7e6a-3cda-49d1-aaaa-24dd48a1bd93,accusing.audio,available,62,1,8,,,
2cc53951-d078-4f11-8b10-92101cf838e1,accusive.audio,available,40,1,8,,,
ca99f421-7b68-4158-b56d-a71d6fbdc811,accustomed.audio,available,72,1,10,,,
80036280-6c92-4ff3-a994-7ad9d2eed801,ace.audio,premium,88,34,3,,,
218dd338-98d8-41a2-b5ad-b32d454ceea9,acellular.audio,available,50,1,9,,,
8acf0c67-7134-4985-a5c6-c0fbfe90fa11,acentric.audio,available,64,2,8,,,
dc962eb8-d643-4c57-a6ed-6f041186a9ce,acephalous.audio,available,46,1,10,,,
70d352d8-6426-4eea-96c0-9c248bef3ca9,acerate.audio,available,68,2,7,,,
fd1ea413-23fb-4883-9ecd-e1e7ae7c8090,acerb.audio,available,50,2,5,,,
22c231d2-01fb-4a95-8c3f-0a096969e1f9,acerbic.audio,available,50,3,7,,,
83b27a66-67fe-4831-84aa-bb7687882672,acerose.audio,available,50,2,7,,,
15b80711-50da-4f4d-a9cd-14b3d3d8f411,acervate.audio,available,66,1,8,,,
9d4acef8-95d2-4962-b328-e29eba6011aa,acetabular.audio,available,46,1,10,,,
649dcf59-2b37-415d-8263-be49ca35bb26,acetic.audio,available,58,1,6,,,
f4057d89-5c40-4561-b118-2e59c1836a67,acetonic.audio,available,46,1,8,,,
92341835-e6f5-48e3-91b1-1e37762b1fe7,acetose.audio,available,50,1,7,,,
5f7fb5d1-df74-4390-8fa7-3d6cb56f1b1f,acetous.audio,available,50,1,7,,,
c25d8d16-4c9f-4439-ac01-52601e550df0,acetylenic.audio,available,46,1,10,,,
478d620d-c8f2-4e12-b04d-5df58891b5e8,acetylic.audio,available,46,1,8,,,
6ad1b754-2ceb-447f-886c-1134bb8f1c74,achaean.audio,available,68,2,7,,,
15ca5047-0e1c-46d7-b2f7-5d47a6b7628c,achaian.audio,available,68,2,7,,,
543ad8d2-112a-4267-8214-2d8339e2dd06,ache.audio,available,58,8,4,,,
f2df6246-3027-45f7-b9d5-83a281196c8d,achenial.audio,available,46,1,8,,,
0871d7d0-aae6-4967-aca6-cb529cbcab40,acheronian.audio,available,46,1,10,,,
61f408f3-f162-46c7-9071-80a09f3ba4f4,acherontic.audio,available,44,2,10,,,
0d5b32d9-0d57-4659-93cb-8c0b2e2467c6,achievable.audio,available,74,5,10,,,
ee54b5c0-84c6-4525-b70f-1bb3ffbede91,aching.audio,available,72,4,6,,,
eea9bd8f-c0c1-43e3-b2db-9393c22c2e7f,achromatic.audio,available,54,5,10,,,
99ae9d05-b9b4-4fe7-8100-8f26bcce9f1a,achromic.audio,available,46,2,8,,,
959fff86-b25e-4d7d-b173-af000078bf50,achromous.audio,available,46,1,9,,,
d71e66cc-983f-40ba-87d1-8c32d5509b73,achy.audio,available,54,3,4,,,
31468040-a51e-4078-a31b-c777da224209,acicular.audio,available,46,2,8,,,
b36a8c28-07cf-4ee2-ae2b-548721e5a510,aciculate.audio,available,46,1,9,,,
fc38a6eb-6f6f-4417-8934-ba788c6d285c,acid.audio,available,88,22,4,,,
bcc4360c-d528-43d7-ba0c-d309af29c9eb,acidfast.audio,available,46,1,9,,,
e8d83b75-bbe5-45a3-9fb6-afb820e9244e,acidic.audio,available,62,5,6,,,
d98b3fa3-f9b4-4cc7-82cd-26c898098381,acidotic.audio,available,46,1,8,,,
fc917c0b-4e86-4527-a5aa-18ac83344f27,acidulent.audio,available,46,1,9,,,
e6ba61b1-bb00-4f21-ac44-07f8f1eb2c41,acidulous.audio,available,44,1,9,,,
bdceecfa-a8a8-4847-b587-eeb4e867447b,aciduric.audio,available,46,1,8,,,
d97cf611-5cab-4c16-836c-8cc8d995cf96,acinar.audio,available,50,2,6,,,
da483295-1395-4083-bd69-b9342e6f64f2,acinic.audio,available,50,1,6,,,
b53b322f-ffab-439f-b8a6-406d32dedd75,acinose.audio,available,50,1,7,,,
e95cd72b-e92f-4c90-bd91-b7ecdac9d402,acinous.audio,available,50,1,7,,,
f4ba6f41-5e0c-45f4-a792-d75b44cb8a2f,ackack.audio,available,58,3,7,,,
6ece8b38-c4a6-497d-bf3c-6f19248c4b02,acned.audio,available,43,1,5,,,
ded0cf2e-8431-4884-9275-c289f9ead39a,acneiform.audio,available,39,1,9,,,
45736d0b-8ddc-44ae-bfcd-2613b054b167,acold.audio,available,51,2,5,,,
f17dccbc-b6ac-4439-9bcc-3f07b52de759,acoustic.audio,available,76,14,8,,,
49a5bea5-5693-4122-af4a-9e71ab709798,acquirable.audio,available,47,2,10,,,
83480a3f-ad6a-471d-b3bf-da97217c2d20,acquired.audio,available,47,8,8,,,
a93ce777-4393-492b-a04a-9c1a2cc375f9,acquitted.audio,available,50,1,9,,,
cb788b68-9323-4e90-a419-9a3533812848,acrid.audio,available,47,2,5,,,
a3293578-340c-428b-bb8c-c99abf1de5df,acritical.audio,available,46,1,9,,,
66840ad2-6425-417d-8157-2307a73f97da,acrobatic.audio,available,66,4,9,,,
21524562-120b-48e9-b74f-bc29cf598a75,acrogenic.audio,available,46,1,9,,,
d6129f8c-185e-4f50-b21a-d45f8acd8d9c,acrogenous.audio,available,46,1,10,,,
82f9962d-3cd5-4c69-b65b-496d3b91df25,acronymic.audio,available,46,1,9,,,
0380ea03-0915-4720-9647-5adfcfe657cb,acronymous.audio,available,46,2,10,,,
f59b5ccb-2393-4b07-a82f-1367b0ddda5d,acropetal.audio,available,46,1,9,,,
590c6046-8d70-4c74-b602-1fe2dbaa5bfb,acrophobic.audio,available,64,1,10,,,
b101a21c-ce21-4975-9684-0219dea2047c,acroscopic.audio,available,46,1,10,,,
4bef3ed6-5479-46dd-ac7f-bf31cab92b84,actable.audio,available,50,3,7,,,
c7e626de-f6d7-4dbb-9fe6-241001c0ce8d,actinal.audio,available,50,1,7,,,
50b3caf2-232a-4923-a890-66b3caa152fe,acting.audio,available,84,12,6,,,
191708d1-bb4b-4e5e-9386-cc5febef977a,actinic.audio,available,50,2,7,,,
5d3d7133-69dc-4fd9-9f79-6fca2a9e9250,actinide.audio,available,46,2,8,,,
7baec491-7ba0-4d20-ab2f-a978cfdb5cf0,actinoid.audio,available,64,2,8,,,
f6a7b7b7-7e15-4f2b-9616-d1743398268e,actinon.audio,available,54,2,7,,,
a9e837b6-e84c-4e8f-98ee-be6a5ca81bef,actionable.audio,available,88,13,10,,,
976f7a5d-b0f9-4992-885c-66e6650e77dc,activated.audio,available,74,9,9,,,
3a175c02-f72e-4973-84e0-0153d71c29c2,activating.audio,available,68,3,10,,,
25321fa8-fbaf-4d55-982a-e054caeed058,activation.audio,available,62,16,10,,,
4d1e456c-1926-4dfe-9517-46c2f4c97f52,active.audio,premium,104,26,6,,,
4f8d1e3d-fd1b-45b0-b6d6-47b52536f501,activist.audio,available,88,13,8,,,
90d1a1f0-64ab-4bfb-b1fb-181a86df4da3,activistic.audio,available,62,1,10,,,
6ca51c98-9376-483b-b899-d39cf112f8ff,actual.audio,available,96,21,6,,,
1abadcc3-c5ed-45bd-a383-5fde922c770d,actuarial.audio,available,58,8,9,,,
7cc924b3-db6d-40f5-8423-1c0096b5238e,actuated.audio,available,54,3,8,,,
9cbaf8ca-3ec4-4622-8197-c0b08813f909,acuate.audio,available,74,2,6,,,
fdd5f7a2-9042-47aa-b106-32c1e4489126,aculeate.audio,available,68,1,8,,,
0cd58c32-67ec-4601-91c0-df27cb4a82ba,aculeated.audio,available,50,1,9,,,
8cd06f1d-7b63-4a7d-9dd1-2853401ef03a,acuminate.audio,available,70,1,9,,,
b4241be4-594d-494b-924c-e06135724aba,acute.audio,available,112,9,5,,,
9f8935b7-3064-4681-8932-ba9912e14150,acyclic.audio,available,58,4,7,,,
79a51aa4-7fc9-47eb-8cda-e5c6bee866fc,adactylous.audio,available,50,1,10,,,
92fb511a-5869-4738-8e85-a673b901c2f1,adagio.audio,available,64,14,6,,,
f1cbb8f6-1bbf-427c-905d-a9880fdbafee,adamant.audio,available,74,14,7,,,
f8685e45-5d53-4498-a084-638bd08a028d,adamantine.audio,available,70,5,10,,,
12185a9b-d32f-4268-91b4-6bc4325ebd35,adaptable.audio,available,76,9,9,,,
b9d08303-6f26-4d5c-8a4c-62065d119258,adaptative.audio,available,72,3,10,,,
37095e9b-e2d5-4676-97bf-29004d80d6ca,adapted.audio,available,74,7,7,,,
e18183c3-aa43-4ccf-bedf-69c8a7c73525,adaxial.audio,available,54,3,7,,,
c8cf7065-c5fa-4335-af8a-d3068f334d4f,addable.audio,available,76,3,7,,,
f76d7db5-e64f-458f-bee4-357ea2565a56,addible.audio,available,58,3,7,,,
a482e735-dddd-4ba4-8983-068908c38467,addicted.audio,available,72,10,8,,,
f4bce956-af97-4afe-9109-27ecb940f7cf,addictive.audio,available,90,10,9,,,
ddfeeacc-9363-46eb-9e5e-77cc0b733cd8,additional.audio,available,90,9,10,,,
80b7a3e4-0424-4935-a6a5-fb95f9742192,addled.audio,available,56,3,6,,,
2217d114-d1b4-478a-a54f-f46dee817abe,addlepated.audio,available,46,1,10,,,
3f00293a-55b2-47e0-a7e5-3d98ad5c7758,addressed.audio,available,58,3,9,,,
1051dc0a-d377-4204-8a66-2b257202728a,adducent.audio,available,54,2,8,,,
eaa81d97-6128-4f2c-91a8-09ccf36c60bd,adducting.audio,available,54,2,9,,,
e5d7e72f-bffc-4166-a648-a13962a53db3,adductive.audio,available,54,1,9,,,
a7f2242c-472c-4b5b-8bd2-fb1972ad23c8,adenoid.audio,available,74,2,7,,,
3d7302f6-0802-4ebc-9b48-09c025793448,adenoidal.audio,available,52,2,9,,,
87ffadd9-5cd0-4f66-93b9-5689058dd88b,adept.audio,available,92,24,5,,,
4dc39280-ef86-43d0-9fd8-1b604a8af402,adequate.audio,available,94,10,8,,,
5f5a2f4c-aa90-44c4-8254-3eafcc5d987d,adherent.audio,available,76,5,8,,,
019aaf0c-3959-411a-84bc-08b7f0641c96,adhesive.audio,available,76,8,8,,,
9d220187-7b6a-4fb6-9b88-d34523a91512,adhoc.audio,available,58,24,6,,,
22dad8e8-6985-41ee-91ed-2747735cff64,adhominem.audio,available,50,3,10,,,
2305e694-edbe-4278-a8d6-06a5f772c918,adiabatic.audio,available,72,3,9,,,
e857825a-d905-4559-b6a3-ca8375f50181,adient.audio,available,58,5,6,,,
dafc28a1-419c-4881-a377-14423a0559cc,adipose.audio,available,76,2,7,,,
9464327b-8ac6-45d6-9c4b-40dab3c64ab4,adjacent.audio,available,78,9,8,,,
1f620e41-c67d-4fcd-963f-81668bb9cb33,adjectival.audio,available,72,2,10,,,
119f6ccc-b61f-4954-a348-b0bb5dd7a517,adjective.audio,available,92,6,9,,,
dc267e52-748f-4ee8-b875-48201c31c8cb,adjunct.audio,available,100,5,7,,,
731213bc-02b6-4ceb-bf8a-4f89bdb63f04,adjunctive.audio,available,72,2,10,,,
a237939c-a452-48ea-83de-6bbf031f17b2,adjuratory.audio,available,54,1,10,,,
4fe42028-775f-4a0a-bfa1-d5531eb561ae,adjustable.audio,available,84,4,10,,,
fcb5bb07-7807-4384-b7b2-17537599cac9,adjusted.audio,available,70,5,8,,,
c8c5551a-f97c-4db9-86a3-9755217b1edd,adjustive.audio,available,58,2,9,,,
12976da9-6289-4ed5-8ca4-3fa3f846e217,adjuvant.audio,available,62,6,8,,,
06dba154-4b9a-41a7-85bd-cc76c4c3283a,adlib.audio,available,88,7,6,,,
334dc5c9-8958-4bcf-a3a2-a95d4d235b6d,admirable.audio,available,74,6,9,,,
47248a80-b9b3-462d-a4d7-d46659960b6c,admired.audio,available,70,6,7,,,
cdb32052-b789-4f55-a5f8-ae8cbc40e4e2,admissible.audio,available,62,2,10,,,
75f0076c-ced5-4b6c-8422-4bd1eba790e1,admissive.audio,available,56,2,9,,,
c9fd1b9c-d095-4d48-bf21-7c046ae5d08b,admittable.audio,available,56,2,10,,,
29a504f3-bed7-4a99-a10c-70fa3a809d70,admittible.audio,available,56,2,10,,,
c8299ffe-9c06-4810-ab46-436245536e6f,admonitory.audio,available,54,1,10,,,
6d79d66c-1c47-4d20-983c-ef3f8f687f17,adnate.audio,available,60,2,6,,,
84c30a59-995c-41c6-b3b8-c0ec14015d3c,adnexal.audio,available,60,2,7,,,
81adff4e-87fc-482f-8832-e4280d26455e,adolescent.audio,available,86,4,10,,,
d6f06e3b-94cc-4797-aab7-c8eeffd0489f,adonic.audio,available,72,3,6,,,
3f69f22b-edbc-46da-a7a4-8498c099fd78,adoptable.audio,available,80,4,9,,,
67b80710-6675-4298-b750-811944d249a4,adopted.audio,available,66,5,7,,,
aefcd4ca-817a-4bc1-8ce2-8c80034836be,adoptive.audio,available,62,2,8,,,
40f20d98-a53a-49b9-9d52-8b4788152195,adorable.audio,available,78,9,8,,,
72028669-803e-4bbd-83e0-90b2bbe86b5d,adored.audio,available,70,7,6,,,
fccb95a1-d915-4c5e-83af-3139e49950b0,adoring.audio,available,90,3,7,,,
97b28ff7-b0ab-4890-983b-c478de71a2ae,adorned.audio,available,66,5,7,,,
955bd06c-98dd-45b3-9aff-9fd68168038f,adpressed.audio,available,54,1,9,,,
6f2fe56b-b44f-4470-827e-6b84bf9722d6,adrenal.audio,available,78,4,7,,,
4cfd83f9-7fcd-47fc-aa21-a871c62549cd,adrenergic.audio,available,74,1,10,,,
f9a717b7-5428-466c-a03b-971cdb0e184e,adrift.audio,available,62,10,6,,,
162d1284-b763-44e5-ac9e-9de0f18a8d10,adroit.audio,available,72,14,6,,,
bf2c0a70-37f0-435e-bc06-a0660d5cd5a0,adscript.audio,available,94,3,8,,,
00984465-49eb-4e4a-8894-6d4373ef7dfa,adscripted.audio,available,54,1,10,,,
ef3907cd-cd29-405d-94fb-d9436fb49008,adsorbable.audio,available,56,1,10,,,
ea487f64-6676-4966-830d-2a1452d7bfe9,adsorbate.audio,available,60,1,9,,,
e6d93545-d8da-40fd-8ff6-8d6ea8a1b374,adsorbent.audio,available,74,1,9,,,
fee5c40b-f9e7-4d81-9dc3-111d9389e563,adsorptive.audio,available,74,3,10,,,
d184e77c-a874-4275-8949-3b1e83aaf93b,adulatory.audio,available,50,1,9,,,
25e30698-9797-4e08-bf03-12996abea3ed,adult.audio,available,110,23,5,,,
3170b6d4-8ced-45cf-8ddd-912f33380e61,adulterant.audio,available,54,1,10,,,
60843020-69b4-4268-bdda-180de34df081,adulterate.audio,available,74,1,10,,,
b9336d62-aa99-4dc9-a258-4647314720b0,adulterine.audio,available,68,1,10,,,
a7039378-4438-4aa1-af4a-436200b50c35,adulterous.audio,available,50,1,10,,,
feeaaf52-c452-4c38-9aef-4e1dd5d81862,adust.audio,available,54,2,5,,,
b8a73ab0-a16d-40c0-92da-261eb9931646,advance.audio,available,110,27,7,,,
dcea565d-dd6f-49a4-8d33-fa1091d2df9f,advanced.audio,available,74,25,8,,,
507a3bfb-3fff-422a-be74-e6006efe54f1,advancing.audio,available,72,6,9,,,
8a5ea97b-1818-433a-b1b5-6cadc91aa102,advective.audio,available,50,1,9,,,
edc5a3d5-1e8f-4a5c-bc96-b3c490509f6b,adventive.audio,available,68,3,9,,,
e38f7e73-a6a7-44b0-a233-93f8b7240644,adverbial.audio,available,66,1,9,,,
9da22455-337b-4086-9ae1-91a28b2ef95e,adverse.audio,available,54,7,7,,,
47174c63-601f-4abc-b506-df037bf59850,advertent.audio,available,56,1,9,,,
0fe126f5-734f-4321-8594-0932254b48ea,advertised.audio,available,54,3,10,,,
c7ef642a-6ed3-43ca-935c-2e1c5c2e5b12,advisable.audio,available,62,3,9,,,
e5e1c053-7221-4011-aed0-2a8c615701e3,advised.audio,available,66,4,7,,,
694fe78b-b9f1-4f72-af2b-c8d5f39b9c8d,advisory.audio,available,80,17,8,,,
6ad37ee0-588d-4313-b153-6fd60c2d8c9c,adynamic.audio,available,50,1,8,,,
4f36febc-e1b5-4335-a23d-4d217d7a5f5e,aecial.audio,available,54,1,6,,,
bd6ca9ea-1d71-4f87-bc54-f26d28f5a3be,aegean.audio,available,70,13,6,,,
3025387c-603a-45b7-a9d8-3cf6593ea592,aegeansea.audio,available,60,2,10,,,
0c129380-f706-4e78-a510-9db1e7cbd8f9,aeolian.audio,available,72,7,7,,,
e8f9b237-5a77-4b5a-b0a0-ba132ba2d84c,aeonian.audio,available,50,6,7,,,
11714f54-21ef-4471-9ece-7d78b07632d7,aerated.audio,available,68,1,7,,,
5e4d878f-1815-47e7-bd4e-1fdd384080ce,aerial.audio,available,88,19,6,,,
8ec7b60b-61c2-429a-b8a7-c9c3b4287c36,aerie.audio,available,74,8,5,,,
bae7becc-5203-4dd0-9a7b-c7d1db727d6e,aeriferous.audio,available,46,1,10,,,
206f87b5-d3a3-4ef1-a038-a636f78bc1fb,aeriform.audio,available,56,3,8,,,
35ea4996-f94b-497d-bf47-b00c39a937a4,aerobic.audio,available,74,5,7,,,
9d24730d-689c-44ad-b144-ea55c1f89121,aerobiotic.audio,available,64,1,10,,,
0c54dae7-1d67-4c83-880b-91cd043981d0,aerolitic.audio,available,46,1,9,,,
076e3aec-b70f-41c1-a1c9-cd874c575122,aeronautic.audio,available,62,3,10,,,
47b79982-8c0b-4940-8cff-7126013e90d3,aerophilic.audio,available,64,1,10,,,
7aab39bc-b497-4696-b2f0-e5fa1bf1c13b,aery.audio,available,88,5,4,,,
e0dc5014-541f-42a2-b1c4-89a4993e1b05,aeschylean.audio,available,46,1,10,,,
cca476f9-eab1-401a-a11f-0eae175f57df,aesthetic.audio,available,88,25,9,,,
516e2541-d6f1-47bf-ab0f-c2618f17d726,aestival.audio,available,46,2,8,,,
da66a1c0-ee51-43b7-b353-8205cba96a5a,aetiologic.audio,available,46,1,10,,,
1bef1843-df4b-406a-b5e7-7f9ad7edeab6,afebrile.audio,available,64,1,8,,,
f0d51f9b-7906-41b0-8e0f-6f33b39f626b,affable.audio,available,80,5,7,,,
e6767ce2-9cd2-460b-bb8c-7c269b12657f,affected.audio,available,72,2,8,,,
afcf96ad-398f-4fe4-9de0-e2dc0a9afa37,affecting.audio,available,62,1,9,,,
2135fa94-3cb3-49a1-8b8c-0e4a4222143f,affective.audio,available,56,5,9,,,
b1083b21-16de-4b8c-a93d-525fdfbdaf38,afferent.audio,available,70,3,8,,,
e3dc485a-2c37-457b-94e1-1397c4c31d82,affiliated.audio,available,60,10,10,,,
46c6b904-23ca-482e-9d11-b861c8ea6a12,affinal.audio,available,50,2,7,,,
69e8e41a-50b3-4e9b-baff-81710e34394d,affine.audio,available,94,14,6,,,
c9127c4d-5846-4f0d-b310-5700e0e936b9,affined.audio,available,48,1,7,,,
2660e8bf-db6e-463f-8f97-14856c77a13f,affirmable.audio,available,62,1,10,,,
5c1dc396-d483-4c00-baa3-e20d457714d3,affixal.audio,available,54,1,7,,,
cf349762-e1fa-461f-8410-68275817402e,affixed.audio,available,54,2,7,,,
e8867bbc-6345-48e3-af07-e9ffeec98a2b,affixial.audio,available,50,1,8,,,
dd7c7102-75c2-4723-ac14-8d1493c01a10,afflicted.audio,available,54,3,9,,,
71b7ba9d-32d9-4c36-b526-bcad2ffb0b6a,afflictive.audio,available,54,1,10,,,
d11e8368-4ab0-4474-a397-cb06d8449c05,affluent.audio,available,88,9,8,,,
88894c77-35dc-4c43-a1ae-e43a45c595b9,affordable.audio,available,70,19,10,,,
bfaa5c0e-19c1-4b08-9007-5dd18f6f7b1d,afghan.audio,available,54,10,6,,,
94d1f9e1-3eb0-4476-afef-e6f9599908cb,afghani.audio,available,68,3,7,,,
011d8f58-4738-4c50-8250-b6175f277ebd,aflame.audio,available,64,4,6,,,
a0ab86ca-d40f-4117-bd3a-328e8bca41b4,aflare.audio,available,66,3,6,,,
4d5fc4b6-1773-44ee-bcd0-a9c157892157,aflutter.audio,available,62,2,8,,,
2d0657a8-8296-4090-91f5-b39414ff89c3,afoot.audio,available,58,3,5,,,
fe1bf041-da31-4192-8d27-d097e3b36857,african.audio,available,68,19,7,,,
48f54049-47b8-4d1d-87b9-172dcecaa99d,afrikaans.audio,available,74,5,9,,,
86411bc2-d759-46cc-983d-c4aa9606e4c9,afrikander.audio,available,50,1,10,,,
595018e5-ffcd-41e9-a3b0-e008b9170ce5,afrikaner.audio,available,50,3,9,,,
4f5c4bbf-57eb-4810-b6d9-6a8ab83b7b6b,afroasian.audio,available,46,1,10,,,
c288c5da-7453-409b-8a7b-b75019b99407,aft.audio,available,50,14,3,,,
68cd80fd-3d6a-40ab-b6cd-5e7b323de84b,after.audio,available,100,23,5,,,
58c169de-850e-4854-b49a-3e81d5f76556,aftermost.audio,available,54,1,9,,,
275ede30-ffc2-44c7-b3ca-8cde7804dab9,afterward.audio,available,40,3,9,,,
e3856796-2de8-45a4-9c64-ef185ff678ee,afterwards.audio,available,40,3,10,,,
a913eaa3-54c8-475f-822b-906046df7798,agamic.audio,available,50,1,6,,,
0f59e0de-dc60-4755-89f4-766b818df418,agamous.audio,available,50,1,7,,,
ee1605c9-3325-422c-9b8c-3e57338f69cf,agape.audio,available,94,27,5,,,
87ca6245-0d11-495e-8f03-421856bc5364,agaze.audio,available,56,2,5,,,
0b3d7726-0119-43aa-9e29-5e693057048a,aged.audio,available,90,8,4,,,
61b04bca-6dcd-4172-8a9c-8f1486c94d9a,ageing.audio,available,86,4,6,,,
3f463c47-421d-4993-a7c6-66839cd6dd17,ageless.audio,available,70,21,7,,,
be1f943e-1e13-4a28-be9f-e441a02dacb8,agelong.audio,available,58,1,7,,,
fc09e9c5-0303-4fc6-80bc-505b82cad320,agential.audio,available,72,3,8,,,
b2a733b7-629e-4406-aa1b-865a606aca03,ageold.audio,available,62,1,7,,,
3649e052-1205-462d-b3e4-27d38523b196,aggravated.audio,available,58,2,10,,,
420b684e-c60d-4d59-b1c3-6df10eea2244,aggregate.audio,available,96,12,9,,,
ddf502f1-0faa-4d76-86bd-27431a61c2c1,aggregated.audio,available,56,3,10,,,
2fc8792f-519c-41e8-a3ba-5bfb77c8cbef,aggressive.audio,available,84,6,10,,,
ba5721a1-e38b-4118-932d-fbd6ec2f3f31,aging.audio,available,86,11,5,,,
411d9b8d-274b-4a6c-b547-f8c491c7b109,agitated.audio,available,58,2,8,,,
424dc886-afbc-443a-8bd0-8659c10c901f,agitating.audio,available,54,1,9,,,
123ee807-f9a7-40ca-86ed-acb2ff62a9fb,agitative.audio,available,52,1,9,,,
4215c611-8884-470f-90a9-aa486c95bbee,agleam.audio,available,60,1,6,,,
1219589c-50f7-4fbe-9977-9e13930de240,agnate.audio,available,76,2,6,,,
8110753d-4941-4c4d-8eba-c2cbaa78a0b4,agnatic.audio,available,58,1,7,,,
03540153-cdf7-4a11-a694-dba2f968a178,agnostic.audio,available,84,8,8,,,
8c391d2b-a53e-4549-8411-85e0697a8fab,agnostical.audio,available,58,1,10,,,
ea6a62be-3ad4-4966-9422-9455633cbc93,ago.audio,available,66,17,3,,,
1bed3ed5-c1bd-4d88-93d3-c0d4df2b4ee4,agog.audio,available,76,5,4,,,
1a13d4eb-2c2f-47c2-8bbd-04420e79f7b5,agonadal.audio,available,54,1,8,,,
ac99d61b-082d-4f39-9f65-54231cfbb6bb,agonal.audio,available,58,1,6,,,
e1d13000-bfe2-4d84-9648-0bd12ddba767,agone.audio,available,56,3,5,,,
fdd010ad-b1f1-4a6a-a3a1-6308f734e96d,agonised.audio,available,54,1,8,,,
2f244c3d-aeea-4cb8-9f7f-94aab951dc0a,agonising.audio,available,72,1,9,,,
47b90aed-7932-4b26-9dbe-ba8f811fb916,agonistic.audio,available,56,1,9,,,
54974e96-c9de-474e-97a1-124fbb1089e4,agonized.audio,available,54,1,8,,,
4680d394-59ce-44d1-bdb0-2269c2eaebba,agonizing.audio,available,72,1,9,,,
962c50b4-7c5a-4dfb-9ee8-522b4e24c54f,agraphic.audio,available,50,1,8,,,
2ce265ea-7d1e-460f-ac88-d250e50a2827,agrarian.audio,available,82,3,8,,,
c3fae5b9-c85d-4ed7-868c-7a985a77ed3f,agreeable.audio,available,92,3,9,,,
063214cd-71a0-4cff-853a-852838255c66,agreed.audio,available,96,6,6,,,
e6677a52-b54d-4056-ac91-b8127dbe2c16,agrestic.audio,available,54,1,8,,,
a226f54d-d4f9-4c3b-aeb8-d137177ba5a6,agrologic.audio,available,54,3,9,,,
8832e356-ec77-4adf-ad95-c3df852ac9fa,agronomic.audio,available,54,2,9,,,
1de04556-6c58-479c-be6b-be0960dd0eab,aground.audio,available,60,2,7,,,
6330d651-6c73-492c-9031-9319a57bb5cd,agrypnotic.audio,available,68,1,10,,,
c95c42c6-c2ce-4aad-9059-18ba16c512c5,aguacate.audio,available,56,6,8,,,
8cc22270-65a7-422a-9310-394692428e54,ague.audio,available,76,1,4,,,
21f02f88-47e7-4179-847d-e8dddebc9f23,aguish.audio,available,56,1,6,,,
6b90570e-8757-47e5-836a-00c42ee4a8cd,ahead.audio,available,76,23,5,,,
d0164e31-7575-49b8-a951-322e1bdc6095,ahorse.audio,available,46,2,6,,,
3da3545d-b8cc-456f-a63f-39124c83ad09,ahorseback.audio,available,52,1,10,,,
66387c77-0444-415f-9c5b-6f58d8a9157d,aide.audio,available,80,15,4,,,
b270a33a-a029-4342-a52b-cac458b34dd8,aided.audio,available,72,5,5,,,
f5ba0052-034b-4527-9539-511eea29cb6e,ailing.audio,available,82,3,6,,,
6f2a497c-507a-4afe-a4f1-1e903e581ecb,aimless.audio,available,54,9,7,,,
59cf5d49-0b94-4975-a394-348004a0ea8b,ain.audio,available,56,16,3,,,
34b74c78-046d-46ef-bf3c-2c2ec08907e6,aircooled.audio,available,64,5,10,,,
e7bfeff8-0555-4a9b-a981-17f6bab314c1,airdried.audio,available,58,1,9,,,
cc012bdf-d721-418b-ae9d-9e04a917bd47,airdry.audio,available,64,5,7,,,
5d7d809c-88e7-4389-9629-7444801348fe,aired.audio,available,56,7,5,,,
c9d4e85b-1b1e-4bb5-8a1c-e2c052bdcf7d,airfilled.audio,available,58,1,10,,,
87645cec-44ab-48ad-8822-4f3e6b881ed4,airheaded.audio,available,48,1,9,,,
6f338eb6-7d1e-4cd0-892c-bb80576863eb,airless.audio,available,52,5,7,,,
e98d9540-feb9-4df1-a1ca-283b5ac54c49,airlike.audio,available,68,4,7,,,
42a0bc9a-cf7c-49f6-9a16-d9ca3d22fb91,airsick.audio,available,52,1,7,,,
e70cdd36-8706-4549-a504-1b2eb6716105,airtoair.audio,available,58,2,10,,,
8f737631-24e8-4e1e-a203-3bfabd6c4400,airworthy.audio,available,58,3,9,,,
f6c41282-7b81-4c16-82d3-64dbfb67e946,airy.audio,available,70,9,4,,,
b0f66358-675b-4caa-b072-ab787360f8c5,akimbo.audio,available,66,10,6,,,
e953abcc-face-4309-884d-b72e64b80172,alabaster.audio,available,82,8,9,,,
c00984d2-1e2f-4f1d-b111-860eb13cdbb9,alacarte.audio,available,58,12,10,,,
acef591e-e649-4038-807c-50f17e94ba82,alacritous.audio,available,58,1,10,,,
8dc56b19-3a96-492c-afae-bb57cf65d63e,alamode.audio,available,96,12,9,,,
e2a43e2c-0231-48ba-8eb6-cd655aea91c1,alar.audio,available,60,6,4,,,
93932d4c-2df0-4c71-a46d-4ebca59f8519,alarm.audio,available,84,26,5,,,
13491e4c-334c-4bf4-856c-91ec46bc1cc7,alarmed.audio,available,52,3,7,,,
ea2d62d7-0beb-4823-a496-73973ccd8d0b,alarming.audio,available,46,3,8,,,
53dc9d98-0654-465b-84ec-bb6a55d571c9,alary.audio,available,56,4,5,,,
0d2f4604-cc72-4155-af4a-7a92e1b70576,alaskan.audio,available,76,9,7,,,
9cecade1-d4f6-4783-bd37-b20bc5f094e7,alate.audio,available,82,2,5,,,
73e8232e-b9fb-4e18-8498-c6cd5ebe08c4,alated.audio,available,56,2,6,,,
88f832b9-13ff-4c6e-9524-a0978b2b69d0,albanian.audio,available,82,14,8,,,
996fab27-d225-4392-b3ce-df23d8288935,albescent.audio,available,54,1,9,,,
11892df1-4efb-40a7-bed8-bf59afdb1c4f,albinal.audio,available,56,1,7,,,
58b1aba6-412c-464e-bdee-49cb68a51876,albinic.audio,available,56,1,7,,,
ecd49b00-eff0-4b81-859e-bd633cacbeab,albinistic.audio,available,52,1,10,,,
e01f93e0-e745-423e-bd92-59fb2e8fa5fb,albinotic.audio,available,52,1,9,,,
3052f388-9edb-4116-b393-c3c9093b0817,albitic.audio,available,56,1,7,,,
53f96eda-4953-464c-b738-42afea9d1329,albuminous.audio,available,54,1,10,,,
884a5de1-63e4-419c-9ca4-5d7237f12236,alchemic.audio,available,52,6,8,,,
093ccb52-9968-40fb-8bb5-a5f59cdb9655,alcoholic.audio,available,72,7,9,,,
1ab0e603-7deb-4606-a87c-10599e8ff109,aldehydic.audio,available,52,1,9,,,
b0a98152-5a71-4a35-9af7-b40cde1c7380,aldente.audio,available,62,9,8,,,
cdd44378-b5cc-486b-8a12-501d787ddab7,aldermanic.audio,available,52,1,10,,,
bba29061-1c59-402f-959c-6ae3905dbd96,aldermanly.audio,available,60,1,10,,,
1c3d767d-b9a8-4a54-9be0-5b42458765c0,aleatory.audio,available,52,3,8,,,
db2f505e-c7b3-407e-ad7d-764f7e5a90fe,alert.audio,available,66,26,5,,,
51c9102c-a926-4766-a376-a0909120b7b6,aleuronic.audio,available,52,1,9,,,
14c3c78d-e889-4493-9f8e-fec54f717f25,aleut.audio,available,84,3,5,,,
79cf065e-e2e6-4704-ac38-3c1d4e2f4541,aleutian.audio,available,70,3,8,,,
f7f892f4-9935-46e3-9942-6d06dd0da980,alexic.audio,available,56,3,6,,,
3accc365-6620-443d-b31d-b114232e7ffc,alfresco.audio,available,66,8,8,,,
a9773831-94c6-44db-98c8-728268ebef40,algal.audio,available,74,2,5,,,
8c131aa8-ae57-4d5e-a02d-568248be06c9,algebraic.audio,available,52,5,9,,,
f905100e-7556-4e84-b4c1-bcb76b6fa947,algerian.audio,available,72,3,8,,,
65128f88-59cd-4dd7-9899-41dc2c1e7cb5,algid.audio,available,52,2,5,,,
59810558-7833-4576-bdd2-a833c19f648e,algoid.audio,available,52,1,6,,,
6a76d7fa-1e63-40f9-a4fb-5557ec1732f2,algolagnic.audio,available,48,1,10,,,
c6e78260-cc19-4eb1-876c-00b458361706,algometric.audio,available,48,1,10,,,
24598e1a-e25a-433c-8d64-2d4160d02ff8,algonkian.audio,available,70,1,9,,,
82c9e923-e22f-4b8b-b2ec-128e9844b949,algonkin.audio,available,66,2,8,,,
42c6f976-9ef0-4556-84cd-6fa8684ddc50,algonquian.audio,available,70,1,10,,,
0e7ef045-0213-421f-91fa-8b154b4ef85c,algonquin.audio,available,66,7,9,,,
6f67a5cf-b606-401d-b874-55545af11545,algophobic.audio,available,46,1,10,,,
67ea17b0-95fc-4851-91b1-3d18f538e1a8,alien.audio,available,56,35,5,,,
0589f63e-8a1c-4a87-8da6-d1894b74d9f0,alienable.audio,available,52,1,9,,,
08a57ae0-cb21-49af-82dd-368dfe3b0010,alienate.audio,available,82,3,8,,,
dab14d56-fb54-4209-a080-67db59e2f423,alienated.audio,available,44,4,9,,,
c5da4ba9-95f9-4e14-a760-ce8c39886945,alienating.audio,available,44,1,10,,,
b7c2bf17-7378-4100-8984-6cce1c138499,aliform.audio,available,56,3,7,,,
bf9922be-66b5-42ce-a161-c1c78d58be01,alight.audio,available,86,10,6,,,
279a0130-e1ad-4736-8704-4ed36730b9bc,aligning.audio,available,52,4,8,,,
271fb6f1-dc80-4dd6-a7fd-d63bcd22e8f1,alike.audio,available,80,8,5,,,
37aa0713-44e3-4715-bde9-85ec0cfb4eef,alimental.audio,available,60,2,9,,,
5cbf297b-4483-4888-814a-a8d7dad15f2f,alimentary.audio,available,62,3,10,,,
a63229c3-4c28-413c-9499-19649e5554c0,aliphatic.audio,available,64,1,9,,,
cd0f12ca-4eb6-4667-8343-58f93b7096ad,aliquot.audio,available,96,3,7,,,
e20e051a-1da9-48b5-9aea-f3568ab78af2,alkahestic.audio,available,46,1,10,,,
6d1addaa-3f58-46cc-96a2-501994a535e6,alkalic.audio,available,50,1,7,,,
3988f07c-a14d-488e-a4b7-d54828c6b997,alkaline.audio,available,88,9,8,,,
cc6b4244-bb88-460b-b15c-6b3d510436b6,alkaliser.audio,available,66,1,9,,,
ebad5735-655f-47e3-b017-cc8c181a1109,alkalizer.audio,available,66,2,9,,,
f07d8cad-a25a-4095-8eb8-e678adc1ac8b,alkaloidal.audio,available,46,1,10,,,
48c8e595-6b72-4a56-88ce-7ae640bf1885,alkalotic.audio,available,54,1,9,,,
8a975e91-8fe7-4355-91e2-cfd61b83127f,alky.audio,available,56,4,4,,,
54d37056-2703-4812-9a3e-c03f4c9c138d,alkylic.audio,available,50,1,7,,,
a968a17d-9e3f-4914-9515-2d7db8daa50e,all.audio,available,88,44,3,,,
373d79de-38da-41c1-96aa-991b051c84fd,allantoic.audio,available,54,1,9,,,
4b551c32-4b48-4be0-9344-fe038c105e16,allantoid.audio,available,72,1,9,,,
24804c26-981f-4e6d-9c1b-15a73ebb24b8,allargando.audio,available,44,1,10,,,
31e7b047-4b8f-4c3c-b70e-73dbdf46192e,alleged.audio,available,70,3,7,,,
62f1c27c-c30f-4f86-a81d-ef4acc9cdfac,allegiant.audio,available,66,8,9,,,
baecc230-cece-4304-bcaf-b0ed3bc7a10c,allegoric.audio,available,60,1,9,,,
ec02bb50-e198-474d-8aa1-ec1a2722db70,allegretto.audio,available,76,3,10,,,
1416e08b-1292-4b43-88ec-8d201323b137,allegro.audio,available,100,26,7,,,
0f26cf4d-1c47-47ee-bca1-e31ce59ea468,allelic.audio,available,50,1,7,,,
9644595f-bff7-4278-81ce-2b0f23862d59,allergenic.audio,available,54,1,10,,,
39308734-d50c-4f18-b060-cebec13d7570,allergic.audio,available,84,3,8,,,
fe131ba4-c006-46a8-8480-2bd553d1917e,alleviated.audio,available,66,1,10,,,
4fbed822-00b1-4e3d-8ecd-3520c0cd7a5b,allfired.audio,available,62,1,9,,,
e39c8086-e486-48fc-a4e7-d7721618f9da,alliaceous.audio,available,54,1,10,,,
d24066bf-2408-47cb-9ade-127d90623437,allied.audio,available,74,22,6,,,
63c4b2b0-7e0b-44f4-b4e9-4be8473f7a2a,allmetal.audio,available,52,4,9,,,
6dd30000-922d-4b00-9bab-a4bef8719fc8,allnight.audio,available,54,4,9,,,
1d4ede34-8880-4846-a369-4d19e6829e3b,allocable.audio,available,54,1,9,,,
5845b806-6603-4bd2-b0ae-449be8bb1f24,allogamous.audio,available,54,1,10,,,
15462147-5de2-48b8-8d07-7a3c58d10a10,allogeneic.audio,available,54,2,10,,,
89c8485c-394f-480a-8171-369a301b01eb,allomerous.audio,available,54,0,10,,,
0d4a30c4-fc17-494b-af09-74e874ef21a8,allometric.audio,available,54,1,10,,,
8c2ea20e-25ff-4272-aed5-029b5b24a4ed,allopathic.audio,available,54,1,10,,,
fde20822-398d-4a0b-9554-0790903be49b,allopatric.audio,available,54,0,10,,,
e873e623-446a-4bf6-a124-e2b938a4fc49,allophonic.audio,available,46,1,10,,,
6987691e-a235-479e-b55d-cb43df139d88,allotropic.audio,available,46,1,10,,,
bdf438a1-ccfb-4faf-95aa-398ee7402df0,allotted.audio,available,62,1,8,,,
bc21e2fe-5920-46ea-9fe8-67a5bcf6ebff,allout.audio,available,84,9,7,,,
a1844066-1d24-4678-a022-7d41531c3422,allover.audio,available,58,9,8,,,
065ec8ee-bb72-4d8c-bcb6-ae2ea771bfa7,allow.audio,available,72,8,5,,,
dc747c23-c546-4040-b6f6-f9038f4c6cb3,allowable.audio,available,82,1,9,,,
3e2581ad-f7e8-4b48-b31f-80705a45cf33,alloyed.audio,available,58,4,7,,,
69101c90-5d7d-4a78-8799-70463dd8ba23,allright.audio,available,68,8,9,,,
dadec070-78c1-4570-9870-3f0e1eb4bba7,alltime.audio,available,72,11,8,,,
4382f8dc-1508-4e29-b8d0-56f7eed889b8,alluring.audio,available,88,5,8,,,
187cb5f0-a93a-4f5c-beeb-d2022081d535,allusive.audio,available,60,2,8,,,
5f321a51-b3ac-4f50-bc28-3b15c7ead6cc,alluvial.audio,available,82,4,8,,,
6eaf22f5-3c2c-4d88-b51f-afd282d8b1cf,allylic.audio,available,50,1,7,,,
8cfc498e-3812-4f85-9e5f-93a2a1a06a18,almighty.audio,available,62,9,8,,,
b0dd1c13-066d-4ee2-b59f-4ce7fc3ea985,alone.audio,available,78,12,5,,,
63885e95-547f-402a-b00b-5840f261ac3e,aloof.audio,available,66,5,5,,,
b2b521d1-166b-48c0-89de-a321da909cc6,alopecic.audio,available,42,1,8,,,
7077f848-4b83-4da7-b3e2-4dce267c2023,alpestrine.audio,available,46,1,10,,,
b03a4e08-ef5b-40aa-bb76-705ee2defac7,alpha.audio,available,90,48,5,,,
0efa6bda-ce63-4d1a-8a89-80906e243ead,alphabetic.audio,available,66,2,10,,,
668675c5-2865-447f-919f-e903169f616a,alphameric.audio,available,62,2,10,,,
37008984-18d6-430a-b9fc-fadaac8355f0,alpine.audio,available,70,17,6,,,
95a56135-3788-409c-856d-98a159b1f628,alright.audio,available,106,10,7,,,
aff5d704-b8ef-4ab3-b312-77ae0ddb1996,alsatian.audio,available,58,2,8,,,
20e5e2a5-433f-4eaf-b5be-57a26cd9a105,altaic.audio,available,54,2,6,,,
d0b3c832-5268-4577-944b-0f40cfe99960,alterable.audio,available,80,2,9,,,
59fea96d-e82f-41be-8b3d-83cd3f257bca,alterative.audio,available,74,1,10,,,
af0cce87-b6ab-43eb-9a89-19899d58dba5,alternate.audio,available,100,12,9,,,
1b77fafa-b3ff-4b0d-9d08-1e62eeb7bce9,altissimo.audio,available,54,6,9,,,
ec6a1aea-ea4f-4909-93ae-d6fd4693732a,alto.audio,available,56,28,4,,,
658116cc-4f4f-44b2-9ff4-041ba6b5e340,altogether.audio,available,76,6,10,,,
9dd6fe3a-99b4-4d4c-a243-f89b1cb711c5,altricial.audio,available,68,1,9,,,
d6672bf6-ad37-4ceb-9927-1b0ff0eec01e,altruistic.audio,available,74,6,10,,,
e29fc95e-9235-46b0-b91f-c9ee735cc8e9,alular.audio,available,54,2,6,,,
ee07dc28-7166-4db6-a69e-bfcd5ca56dce,aluminous.audio,available,56,3,9,,,
773e4837-d578-438f-94a7-b31aff25af7f,alveolar.audio,available,80,1,8,,,
b4a2a46e-59a2-4d57-8360-16142a4c9390,alveolate.audio,available,74,1,9,,,
ca50251e-3c5c-4232-a26f-052947da87a4,alvine.audio,available,54,3,6,,,
b5f339b0-66a0-4dcb-9783-1f8c2d17d710,amalgamate.audio,available,82,5,10,,,
ff6562f5-5af0-4a54-9f95-359e5b4925ff,amateur.audio,available,84,18,7,,,
becada8c-7a65-4d72-bb10-f3945ed0902d,amateurish.audio,available,52,1,10,,,
4ce44cd9-944d-40e3-a0c6-c55ee75e8b9b,amative.audio,available,60,2,7,,,
d40ed685-ad4c-4694-a52b-e1ee1f3dd5f1,amatory.audio,available,60,2,7,,,
283ce0e4-07ea-4d04-b2e3-9e43902e3319,amaurotic.audio,available,46,1,9,,,
a6e93685-41d1-4c87-b41a-943a7045be80,amazed.audio,available,72,5,6,,,
19aeb2db-baf7-4d26-b660-6ab3f4451aac,amazing.audio,available,78,29,7,,,
9711ba8a-e38a-474b-9483-2fc20778c14c,ambagious.audio,available,48,1,9,,,
1e96f88f-07f8-48bb-8253-1665e8c03a95,amber.audio,available,62,29,5,,,
65e9f38b-7d96-4cea-a0a3-698de74c8f26,ambitious.audio,available,68,13,9,,,
3dbba277-3486-4416-8f01-fa7b2d07959e,ambivalent.audio,available,43,4,10,,,
03a0a0ff-6769-450d-85aa-6b3b7fb23a97,amblyopic.audio,available,46,1,9,,,
92792d75-1b43-416f-947c-4fbe62ab7feb,ambrosial.audio,available,62,4,9,,,
a219f898-5ffd-4c4b-89cd-7a045ca19454,ambrosian.audio,available,72,2,9,,,
e0e5709d-135a-433c-804a-b68c98e3de4c,ambulacral.audio,available,68,1,10,,,
bd5d18ac-a118-4caf-9fc3-fd9aba7ce57d,ambulant.audio,available,74,3,8,,,
f31bbf99-8f57-4770-8f9c-62bb0db6455a,ambulatory.audio,available,74,2,10,,,
f30e7d4a-d1a1-4edb-9086-4c1af31cee2f,ameban.audio,available,52,2,6,,,
bf3e399f-39c8-43f2-8e30-d68d6f7488ba,amebic.audio,available,56,1,6,,,
120e22aa-21cf-4044-938c-392304875b60,ameboid.audio,available,74,1,7,,,
6fe5589c-f3de-4cb2-bca8-e5fa3d547c63,amebous.audio,available,52,1,7,,,
7ef0df53-ee13-4bcf-9a87-f935ce8099a0,amenable.audio,available,68,2,8,,,
3eed4ac6-567f-4cc0-af29-fd0014df20a9,amendable.audio,available,68,1,9,,,
34b33f1a-8bf1-4b84-9ec4-402f51ef5bae,amendatory.audio,available,56,1,10,,,
ab9de993-115b-4c2b-9032-bbbcfbcf6329,amended.audio,available,60,3,7,,,
635107fc-5bac-4b93-a6c4-8074b05e51ba,amerciable.audio,available,54,1,10,,,
6f684822-adc4-4869-a767-9e90c73e2f59,american.audio,available,98,33,8,,,
a694bbed-e7fd-4dcb-b9b1-398d7f4d1efd,amerind.audio,available,76,2,7,,,
d088eb3e-a50f-436f-a56d-eda0386f8bd3,amerindic.audio,available,54,1,9,,,
af82fe15-1ac3-4d7d-844a-6ae3365f7da4,ametabolic.audio,available,50,1,10,,,
a457a541-513d-4274-b463-172437292e75,amethyst.audio,available,58,19,8,,,
fa50ff5f-780d-4d39-8aad-c5e6f07e3afe,ametropic.audio,available,50,1,9,,,
e6c2d626-b16a-4322-8552-2061914d5cac,amharic.audio,available,54,4,7,,,
7356b560-da94-4186-83a1-378121acc665,amiable.audio,available,80,5,7,,,
665ef73f-450d-4996-8320-cbb9108abaa5,amicable.audio,available,70,5,8,,,
f96cb376-4e14-493f-b715-45a372e25a81,amidship.audio,available,39,1,8,,,
5f2210df-242d-4d5d-89d8-d34b07ca23d0,amidships.audio,available,59,1,9,,,
2850f791-eb02-47d7-b5c8-0fccff6f295e,aminic.audio,available,50,1,6,,,
7097eafe-69a3-438f-baf5-95d527f091e9,amino.audio,available,76,10,5,,,
c1f60e63-eee3-45e6-afbd-a37919046c7d,amiss.audio,available,84,4,5,,,
c01644ca-374d-44d6-8bad-3a8d17273b5d,amitotic.audio,available,46,1,8,,,
8213afbd-9b60-47d9-b36b-08e65314b9af,ammino.audio,available,50,1,6,,,
8a185fe6-ca82-48cb-aa98-33ca60a797e7,ammoniac.audio,available,64,2,8,,,
27a547aa-cf94-4067-8493-b0fafdfa10aa,ammoniacal.audio,available,46,1,10,,,
ddcdd7e4-2c5e-4e17-a47f-d1e8ce11145f,ammoniated.audio,available,46,1,10,,,
da67df03-722c-4f58-b89a-383706c1703f,ammonitic.audio,available,46,1,9,,,
5d7a8760-195d-4ef9-87a7-c881ef053615,amnesiac.audio,available,50,3,8,,,
c6e992e2-1697-46a4-b073-b1a7c8929d6c,amnesic.audio,available,68,3,7,,,
48285db7-2e1e-4838-a5c9-7af800e838a5,amnestic.audio,available,64,1,8,,,
415e9811-458f-4e6d-8afc-64edd4c97f26,amnic.audio,available,50,4,5,,,
d88871df-61f3-43df-8f2a-20d0dba392f9,amnionic.audio,available,46,1,8,,,
58253162-b295-41c5-ba34-dfd23ca562a6,amniotic.audio,available,46,2,8,,,
2122b650-8f2b-453a-abcd-9e0909b3341d,amoeban.audio,available,52,1,7,,,
119846a1-a4bc-47da-87bf-89982cf2707d,amoebic.audio,available,56,2,7,,,
19b2740e-d619-4d3d-9128-d15a26d805a1,amoeboid.audio,available,70,1,8,,,
e1321bc0-bd2f-42d5-a2ac-d5d11a5b5079,amoebous.audio,available,48,1,8,,,
6b938007-80d3-446f-b532-17eab102fb9d,amok.audio,available,81,11,4,,,
55223332-5dcb-4bd2-8607-fbd52343617e,amoristic.audio,available,46,1,9,,,
2a2cce1a-dbb5-4c14-aad2-a314c65bd34d,amorous.audio,available,72,6,7,,,
7e7d4cd3-f120-4b7b-b54e-7e45de64b62c,amorphous.audio,available,50,6,9,,,
08aeb901-3333-4f16-8f09-7a112c00f546,amort.audio,available,48,4,5,,,
71da86b0-f3cc-4486-8603-20d7d3bf8f6d,amphibian.audio,available,68,8,9,,,
b258ed6f-e691-4bb0-8f93-8d543fc0e325,amphibious.audio,available,50,4,10,,,
47d2ae4d-a910-4056-8790-e733af8afbe6,amphoric.audio,available,46,2,8,,,
657c7231-0b81-457e-a634-474c7b5a6e54,amphoteric.audio,available,46,1,10,,,
f73635bb-8579-45e5-95c3-cd37c79a3a03,ample.audio,available,60,20,5,,,
0cdf5b25-f258-4229-9702-a6d0779c7c94,ampullar.audio,available,46,1,8,,,
2f4c6dff-ee95-42bf-9db1-ff2ce27ff5b6,ampullary.audio,available,46,1,9,,,
0e41dc2f-857c-4fc4-b467-3961303c44ff,amuck.audio,available,61,2,5,,,
f0fd5830-26cf-41a7-9e1b-23affa664a51,amused.audio,available,66,5,6,,,
2b078d6e-bc24-4484-8a76-7da6a2e6f3a9,amusing.audio,available,66,7,7,,,
b7c2aec4-6bfe-46c8-81ed-14f6cbcf4043,amusive.audio,available,62,2,7,,,
6219017b-0f76-4094-9a77-519bf0cc01e4,amygdaline.audio,available,64,1,10,,,
86531a26-8b95-4626-b3e4-3bf3d615a218,amygdaloid.audio,available,64,1,10,,,
7ab96521-e0bd-4659-9b5f-1d464dff57dc,amylaceous.audio,available,46,1,10,,,
1d549f09-e910-4e42-91e0-c30cdcd03b1e,amyloid.audio,available,68,3,7,,,
b56a2947-daf5-412c-9d3d-6895106caa60,amyloidal.audio,available,46,1,9,,,
fcd2cf4a-29ad-4236-9185-907fa4725ceb,amylolytic.audio,available,64,1,10,,,
db583da2-e434-45ca-a152-a54e23161459,anabatic.audio,available,64,2,8,,,
e6ffe02c-7772-4839-b17f-71b1c8efd3dc,anabiotic.audio,available,64,1,9,,,
66eabdec-d089-454c-aebf-16aa5ddbc4e4,anabolic.audio,available,68,6,8,,,
22dbf69f-512c-4603-8baf-f00b21673d57,anachronic.audio,available,46,3,10,,,
37fc40b8-b045-4cce-8c6e-76ebbc3afcae,anaclinal.audio,available,46,1,9,,,
62c540b5-5f48-42a9-81cb-8def0774fbf6,anaclitic.audio,available,46,1,9,,,
442b1312-a105-4da0-971d-3773542cdef7,anadromous.audio,available,46,2,10,,,
9a16afb2-8b83-4c33-8707-c7e6d69e81da,anaemic.audio,available,72,2,7,,,
3088c085-ddad-487f-a1e6-9392c0cec903,anaerobic.audio,available,50,1,9,,,
e611a16d-b570-4a1c-959b-6220a8979568,anaglyphic.audio,available,64,2,10,,,
c895b0fd-5cb8-4cae-b656-a919afe78024,anaglyptic.audio,available,46,1,10,,,
269e5314-f35a-4d58-8971-898da7bb40e0,anagogic.audio,available,46,2,8,,,
b1eb9573-0658-4318-b924-c5666210ff07,anagogical.audio,available,46,1,10,,,
ada7773f-0376-4a62-b8cd-7a6e22d2f20c,anal.audio,available,68,21,4,,,
7a67fae8-64c5-4927-8715-5a67d56756ff,analeptic.audio,available,64,1,9,,,
5c7a9383-be3b-4667-b9c4-cffc5eba0e0c,analgesic.audio,available,68,2,9,,,
c76a2a32-f4bf-45be-a91a-8cd040f08cbb,analgetic.audio,available,64,1,9,,,
d7963717-7298-4e1b-a120-106e79791564,analogical.audio,available,46,3,10,,,
a6119788-9a0d-4497-91f4-a9ba55f466aa,analphabet.audio,available,64,1,10,,,
5af253b4-0506-4655-b7a4-ddb8fa14a85b,analytical.audio,available,50,8,10,,,
aa8e8410-1d66-4e6c-8a04-9f908a6b6159,analyzable.audio,available,46,1,10,,,
e033a2bb-2c41-4eb2-97ba-e5a108dd875d,analyzed.audio,available,46,4,8,,,
6a471be1-293d-4b7c-bd9b-d30a029760e4,anamnestic.audio,available,46,1,10,,,
a68cd4b1-6e6d-45c4-b95e-2b96f2c414f4,anamorphic.audio,available,46,4,10,,,
cda58885-6240-4993-970b-71929a3ef781,anapaestic.audio,available,64,1,10,,,
766ad017-0fc1-48ae-b90f-e3f116233157,anapestic.audio,available,64,1,9,,,
d17fdba1-7bd6-415e-8d70-9120db7272c8,anaphasic.audio,available,46,1,9,,,
ce292584-894b-4892-94f3-8001fa7adb07,anaphoric.audio,available,41,1,9,,,
2e1da86d-bad1-414b-bb09-ecfd5b556f3b,anaplastic.audio,available,46,1,10,,,
13466ba5-a747-4207-8eb7-9ec0ec60aecb,anarchic.audio,available,40,2,8,,,
8af022de-2014-46cc-a181-9712e6f1e54d,anarchical.audio,available,40,1,10,,,
f2eea3fb-bfb0-4b34-9b66-57475b32fbe3,anasarcous.audio,available,46,1,10,,,
3b9b28e0-3ef9-4dda-9164-71cfed897f67,anatomic.audio,available,46,4,8,,,
184e1395-fccf-47d2-8341-ff9b298ed2d7,anatomical.audio,available,46,3,10,,,
a8471973-e8b6-4f3c-ad39-9f560349e12a,anatropous.audio,available,46,1,10,,,
d5e217b1-27ae-4184-8738-7aad6fb199c4,ancestor.audio,available,90,8,8,,,
5fe29ba6-76db-493b-8037-494b138932f3,ancestral.audio,available,80,14,9,,,
ea16dd6f-667c-4975-8c54-44bde63f15ac,anchoritic.audio,available,46,1,10,,,
a3246abb-341d-4e7a-bbe0-3071d6ab0749,ancient.audio,available,92,18,7,,,
a52597a0-2e91-4fb6-aafa-3417095b0a91,ancillary.audio,available,76,7,9,,,
2aa1fae3-16cc-46d5-b692-deb9f7dab8e5,andalusian.audio,available,72,3,10,,,
84d6bb21-10c1-4cb7-83d5-32cd38757876,andante.audio,available,78,9,7,,,
c8c44eb1-a0c7-4321-a20c-bc6769019249,andantino.audio,available,60,3,9,,,
86547206-d7aa-49ae-ae89-ad953be5ef0f,andean.audio,available,76,6,6,,,
92289f77-ffd3-44f6-bb1b-dd85241a01a1,andorran.audio,available,72,1,8,,,
4df8541f-0708-48cd-8773-1f75ec52f715,androgenic.audio,available,50,1,10,,,
7e223cde-a10a-4a7d-b73f-c97c901cead1,ane.audio,available,68,12,3,,,
d2e4418e-77a2-4793-a8b2-92b66653a906,anecdotal.audio,available,56,10,9,,,
bd87517e-12de-419e-8c3b-bff94ec988aa,anecdotic.audio,available,50,1,9,,,
990ab5ec-42d6-4f0c-9e36-4b54482f55e8,anechoic.audio,available,50,2,8,,,
8fdf7dc2-5729-4fe6-b196-4633d17e7023,anemic.audio,available,72,3,6,,,
4ae6f03d-29f5-4e2a-ae36-813172bb11a1,aneroid.audio,available,72,5,7,,,
d59d343a-ec54-477b-a9a2-2a74f8e44d31,anesthetic.audio,available,68,1,10,,,
e3229fe1-62b4-4ede-9695-a95023ca428a,anestric.audio,available,48,1,8,,,
eeb2d24f-8855-4239-bc24-acfc7b5bf96d,anestrous.audio,available,48,1,9,,,
2754a514-f84e-46ba-b9dc-baf08fe36976,aneuploid.audio,available,59,1,9,,,
5f5100fe-b9dd-4932-ac65-b038298b8b88,aneurismal.audio,available,50,6,10,,,
a1f207ac-026c-4fac-b1f2-31903415f8fc,aneurysmal.audio,available,50,2,10,,,
ba59d20f-b48d-43b4-9a49-6ad68e170a5c,angelical.audio,available,68,3,9,,,
e4885002-6e1e-4065-b425-3872dafdbed5,angered.audio,available,52,4,7,,,
d8d9083c-80c3-4714-9cd1-7bbf60d218dc,anginal.audio,available,54,1,7,,,
0df2cd99-921c-4bfd-8d0d-b2ff63168220,anginose.audio,available,50,2,8,,,
f7dd13d6-a264-4291-b60c-15a1f2f4e6a0,anginous.audio,available,50,1,8,,,
2f5a3673-45f1-4284-be0c-fd6b36ec977b,angled.audio,available,58,4,6,,,
6b5dd49a-9e38-4cee-b7ae-fc7e917bdc01,angolan.audio,available,76,3,7,,,
dc59487c-c4b2-4b3a-8631-057c11620de8,anguillan.audio,available,72,2,9,,,
9f866b44-e566-40e8-9525-3fdcf408b5c5,anguine.audio,available,45,2,7,,,
4c33550e-2f33-416c-bd40-d48fc213aaa5,anguished.audio,available,48,2,9,,,
b4ad4bea-fa9c-4da4-b13a-4f9e850f5ed8,angular.audio,available,86,20,7,,,
b70819a1-fe7c-4efe-b0fd-f89f0dd5b49f,angulate.audio,available,74,1,8,,,
a062c060-38b9-4ec7-894f-bbc5d8d39fdf,anhydrous.audio,available,44,2,9,,,
83c1417d-8b97-407e-9bdd-d444d917ea4b,anicteric.audio,available,50,1,9,,,
19753d7d-e441-4d3a-8f19-1dd1dc3bd1a4,anile.audio,available,72,1,5,,,
d766bc8c-0558-4d29-beb0-b2e7fd957565,animal.audio,available,92,27,6,,,
bd0677da-a2fa-4bed-9905-f2163a461d36,animate.audio,available,88,14,7,,,
d5f89e31-b0a6-40da-925e-8f352f2f5f8a,animated.audio,available,76,10,8,,,
21ddb717-c2e7-4979-9a11-27f67203b84e,animating.audio,available,72,2,9,,,
a5385d2f-6f7f-4bc2-a44d-523fc7403cde,animist.audio,available,62,5,7,,,
50524911-e38d-4d8a-8a9e-a2fa5938eeda,animistic.audio,available,54,3,9,,,
681673ea-9452-4855-878c-4ebc7b4e36ed,anionic.audio,available,63,1,7,,,
84abc2ad-1f8a-4b09-914d-da1915c8fe1c,anisogamic.audio,available,41,1,10,,,
7de9feb8-226f-4449-82cf-cda9665be059,ankledeep.audio,available,54,1,10,,,
7c650c97-35dd-4ea0-b996-1fcd0b36f170,ankylotic.audio,available,50,1,9,,,
044e3ceb-f5b1-42d6-b970-f243d9bc6bff,annalistic.audio,available,47,1,10,,,
34254956-5e26-4325-bb42-218a2f33287f,annelid.audio,available,63,2,7,,,
85bfd7de-e8c2-4b05-aab7-7117e6f4bca2,annelidan.audio,available,59,1,9,,,
6c42b3dc-0a8e-43a2-9846-af401668842a,annexal.audio,available,60,2,7,,,
8c33a9cd-85b8-4486-837b-0de34c6a6390,announced.audio,available,64,4,9,,,
19a9be4e-b58f-4e92-bd68-9282b2fca60f,annoyance.audio,available,54,2,9,,,
6f5c079d-07eb-4d4c-910d-aa062cb3977f,annoyed.audio,available,58,4,7,,,
24e757e0-5065-4262-86db-7557b321fb57,annoying.audio,available,72,8,8,,,
d979829c-1219-4b8c-9f11-ec2c75b6108d,annual.audio,available,92,6,6,,,
588f8585-8771-446f-8df8-5c4ab8cec28c,annular.audio,available,54,3,7,,,
7c8dfa6f-bfde-477c-827b-6c5232a8b694,annulate.audio,available,68,1,8,,,
d2a1b4dd-a0ae-4fdd-9899-2c9ed58f7473,annulated.audio,available,50,1,9,,,
12420f96-7499-47a4-9633-579f04a04e76,anodal.audio,available,60,2,6,,,
bb3f31ea-cbc0-4c64-9870-7b425af1a1b0,anodic.audio,available,60,2,6,,,
9603ffe1-8d66-464f-a80b-873533f24568,anodyne.audio,available,72,9,7,,,
369c5bd2-5756-4d1c-8c0e-8063174906b9,anoestrous.audio,available,41,1,10,,,
56f6e112-608f-4344-9773-d82ad8e65fa3,anomalous.audio,available,58,11,9,,,
d241b5b0-fcd6-49ae-acbd-66f3233dae12,anomic.audio,available,41,4,6,,,
d4006bfc-5b0a-4ac6-bbab-835585ff0e6e,anonymous.audio,available,66,30,9,,,
c8295804-28bd-4e85-9910-cac46bce849b,anopheline.audio,available,70,1,10,,,
adadd919-6c5d-4f10-95f1-56ad77711f51,anorectal.audio,available,50,1,9,,,
24b180ab-545b-444c-8bd1-f08f44ae02c8,anorectic.audio,available,70,1,9,,,
1f0a5e49-1f54-4838-9eb7-ff3a6fc35844,anorexic.audio,available,70,2,8,,,
66b88ee1-c125-4004-a7eb-d83c1951ffa0,anorthic.audio,available,50,1,8,,,
a2f644ad-ace8-4471-b6dc-90f991177467,anorthitic.audio,available,50,1,10,,,
989bd2aa-994a-4500-aa3c-e7d50ab7a958,anosmatic.audio,available,44,1,9,,,
ace074c8-f88d-4b80-b9f1-1297f28910f4,anosmic.audio,available,66,3,7,,,
c25a17d6-7d22-4ab2-93ce-822753ba766e,anoxemic.audio,available,44,1,8,,,
49917513-5151-4060-a411-4056ae86917e,anoxic.audio,available,48,2,6,,,
7cb746e5-2eb0-4695-ad50-fbafe69c9e1a,anserine.audio,available,68,1,8,,,
9f8950df-9af8-4444-a0e3-6aea504927f5,answerable.audio,available,70,2,10,,,
dbc2ad56-efff-42b2-a8c0-f7cd177428b0,answering.audio,available,74,4,9,,,
2f231dda-ec1a-4838-9cb3-ac6964fa74db,antacid.audio,available,88,2,7,,,
bc7a915e-29d2-424b-a2f8-591aa7c204d0,antarctic.audio,available,66,8,9,,,
cf35c7c4-a5f9-40ac-ad3a-19b1d17f5139,antebellum.audio,available,56,3,10,,,
26d7eb98-6b27-4e97-9440-22b9e123a387,antecedent.audio,available,78,4,10,,,
4ff0a93c-fa28-4bb8-81d0-c3fc7fea56f5,antemortem.audio,available,64,2,10,,,
61ae44d2-aa6b-48ac-81f0-3758d5c0c4d7,antenatal.audio,available,70,2,9,,,
f57e0b32-ccf2-49bc-afa8-3776130aa60f,antennal.audio,available,56,1,8,,,
35814b48-419e-4ca4-8850-fc1be66645f6,antennary.audio,available,56,1,9,,,
0809bce2-efc1-47ea-bb5d-858312784cd9,antepartum.audio,available,70,1,10,,,
b3b9b8c9-c3ea-4365-a30f-70dd4d078fb0,antepenult.audio,available,50,1,10,,,
e46358f1-057a-470d-86d1-524c0c5619d7,anterior.audio,available,60,3,8,,,
0a1de045-c09a-4405-91a7-86d56c511861,antheral.audio,available,50,1,8,,,
17aa14ab-6756-45bf-a406-e7f467a0a729,anthropic.audio,available,49,15,9,,,
923f6e8f-db11-4f2a-880a-ff6c1fae462b,anthropoid.audio,available,74,3,10,,,
5a3ce1fb-1d01-47dd-8fd2-b9a5e191c5e3,anti.audio,available,82,29,4,,,
1e32c5d6-eb2a-4d4c-8aae-ea11f31f41fb,antiacid.audio,available,70,1,8,,,
4cd91c40-c94d-457b-8247-9d229e8bdbdf,antibiotic.audio,available,88,5,10,,,
04f74ebc-cc6d-4871-a1ee-23c2639ce3c5,antiblack.audio,available,36,2,9,,,
4f5064f1-c4a0-4a1b-8fe9-e7ce371c6b1a,antic.audio,available,92,8,5,,,
1e109c69-863b-4e9a-b07c-c98797161086,anticancer.audio,available,70,5,10,,,
cce66e26-9c7b-4733-b87a-5997f4cd2498,anticipant.audio,available,60,1,10,,,
7b00f0a9-25ad-47a1-beab-263baaf7a8be,anticlinal.audio,available,68,1,10,,,
7b317ac4-2b41-47ec-b93b-71fb03779455,antidotal.audio,available,56,2,9,,,
46005e60-d98a-4127-b4a5-e26afde9d9dc,antidromic.audio,available,50,1,10,,,
06c82c00-2a31-4e9d-9bf0-f26f8a88c5c1,antifungal.audio,available,74,3,10,,,
c2414a4b-9eb6-48a7-a741-2a5dd1eb0832,antigenic.audio,available,56,3,9,,,
b5a57381-ddc3-4131-9442-0f116e3ac3af,antiguan.audio,available,74,1,8,,,
fc6e1e36-066a-4d05-9109-5296441930a4,antiknock.audio,available,74,1,9,,,
be234ae6-7891-4b15-98e8-1b17d7ce9414,antimonial.audio,available,64,1,10,,,
252b7368-969e-4858-b606-4ea5273a778e,antimonic.audio,available,46,1,9,,,
f86c84fb-5c57-4f65-9ad6-f6de6cd30208,antinomian.audio,available,64,1,10,,,
97be4a5b-11c0-492c-aa25-7a1d9800ccb7,antiphonal.audio,available,64,1,10,,,
8b675066-19eb-4479-bf85-5fe7c2ddd0cb,antipodal.audio,available,64,2,9,,,
c1fec780-c974-4736-a897-d9103d06eca6,antipodean.audio,available,64,4,10,,,
8303aec5-9d26-41a7-ae3a-f18aa0e3e75c,antiquary.audio,available,68,2,9,,,
c6bad2d8-ee72-48a0-9fe1-0961bb398320,antiquated.audio,available,58,3,10,,,
002b42ad-b02a-4987-8935-413d19f951fe,antique.audio,available,72,14,7,,,
f750d02b-e191-4082-b76a-56ed464e58a4,antiseptic.audio,available,88,2,10,,,
b968e7a7-9e0c-4291-b2d2-43e8c68e0e16,antisocial.audio,available,59,14,10,,,
bb980ca4-4a24-47a6-a257-24bd2da55b09,antitank.audio,available,46,1,8,,,
0164003b-b17a-4d4a-a52d-392ddf3feb63,antithetic.audio,available,68,1,10,,,
700e274f-464f-42cb-9db6-5ed4a048b1b8,antitoxic.audio,available,46,1,9,,,
4227bc94-c428-4dfa-b4eb-574a68c84a7a,antitrust.audio,available,54,6,9,,,
c0fadbe8-cb0a-4ad1-b36e-04fcaac82647,antitumor.audio,available,88,1,9,,,
9640f768-18c8-4b5c-a2d4-57841316cfd5,antitumour.audio,available,70,1,10,,,
a8867926-c8b7-4bcb-a49f-25ca6c4cf893,antitypic.audio,available,46,1,9,,,
71d1606c-5ebe-4281-a54a-7fa87cbfd969,antiviral.audio,available,76,4,9,,,
df812621-06aa-48b7-bde8-d12e9c1ce470,antlered.audio,available,47,1,8,,,
c9e77718-035e-4122-b6fc-bbffeb93a8af,antonymous.audio,available,46,2,10,,,
0579a66f-37ea-4987-9bfa-90ef6bdd219c,antrorse.audio,available,41,1,8,,,
42fba3b8-6543-423f-b5c6-d5a75559d3d8,antsy.audio,available,53,4,5,,,
55bbbb1f-d761-4dd6-9d0d-cb6630992f1c,anuran.audio,available,63,2,6,,,
41369199-a664-4e65-bbab-da250fdcc0ef,anuretic.audio,available,46,1,8,,,
ff99740a-3a31-45af-932c-d746b53214d3,anuric.audio,available,50,1,6,,,
b0a1dac9-7c1f-47d1-881c-59d56625ef2f,anurous.audio,available,50,1,7,,,
d085c119-894a-4888-9cac-8f9d3cf2fe1a,anxiolytic.audio,available,80,1,10,,,
8aa880ff-02d9-4d03-9b42-49cc389a08b2,any.audio,available,80,38,3,,,
29f36ef2-0bc9-4872-9e87-027f15aff8bd,aone.audio,available,56,16,5,,,
ada49fd8-ca5b-446b-aab0-4cc9ee144e72,aoristic.audio,available,46,1,8,,,
c86c1e8c-e5eb-47cd-8e30-d9ef321882ec,aortal.audio,available,50,2,6,,,
05a8b91b-f52c-4505-a7c3-31ff408ccc71,aortic.audio,available,54,3,6,,,
9333735a-3e3a-46c2-83cb-0d10b2076fc9,apathetic.audio,available,41,3,9,,,
1f9fa977-93c5-4201-a73e-100f3a521e18,ape.audio,available,64,39,3,,,
4a768e29-46c4-4884-a82e-1770b02b109f,apelike.audio,available,60,2,7,,,
19427a5e-69c9-4163-a4db-bda1e9ad2639,aperient.audio,available,64,1,8,,,
74f7991a-0d3f-4089-9542-a3b5ccb18222,aperiodic.audio,available,46,2,9,,,
552d4763-0934-4d31-9d60-fbf39528b8bd,apetalous.audio,available,41,1,9,,,
afad2f07-8028-4987-b735-dd1fe86d1c3c,aphaeretic.audio,available,45,1,10,,,
d381cbe4-c2b2-4916-bcb6-4a4269d6f41b,aphakic.audio,available,68,2,7,,,
3d974dfb-8c94-497f-9407-a404e7b3f444,aphanitic.audio,available,45,2,9,,,
0fb2e2c7-e1e6-49ca-af43-2f9114767288,aphasic.audio,available,68,2,7,,,
8e088e28-2fd5-43fd-8863-1871c7a65991,apheretic.audio,available,45,1,9,,,
eec7e921-4499-44bc-acce-3f5924427b4f,aphetic.audio,available,49,1,7,,,
63c39926-011a-41b1-9523-28a1fe5f03b8,aphonic.audio,available,63,2,7,,,
9d94e9c2-3952-4735-9180-a97a05c609a4,aphoristic.audio,available,47,1,10,,,
0ebbc0df-b98b-4da0-b074-1d0b47ab95b2,aphotic.audio,available,45,4,7,,,
6921e262-494c-4adc-b0cd-9eb1c98a3ebe,aphyllous.audio,available,41,1,9,,,
7574de62-4980-446c-b11c-07f21354948d,apian.audio,available,69,4,5,,,
15952315-c6be-4b69-9eb2-69531ed79e98,apiarian.audio,available,64,2,8,,,
97fdd491-2819-408c-8844-16024ab627b5,apical.audio,available,72,5,6,,,
989bbe2a-c6f3-464f-94c3-373cf7a85ef1,apiculate.audio,available,41,1,9,,,
c0900f9b-09ca-47e1-88ae-719660b4717d,apish.audio,available,54,2,5,,,
1312ac42-496b-4899-bb9e-39335974d7b1,apivorous.audio,available,41,1,9,,,
015edd3b-d2f5-418c-9f24-84cc295033dc,aplacental.audio,available,46,1,10,,,
9509845b-e611-439e-be61-79567a1802e1,aplanatic.audio,available,41,1,9,,,
11c9701f-81a7-46d6-839b-66723725e876,aplitic.audio,available,49,1,7,,,
5165ad3a-a9ce-4911-8d49-f4133824f330,apneic.audio,available,50,1,6,,,
a6c0e88c-109d-49af-a284-d4cb9a46e65f,apnoeic.audio,available,50,1,7,,,
0e4e9d58-fb85-46fb-b8b7-c99b991500ed,apocarpous.audio,available,41,1,10,,,
566e4bb6-a28b-47ad-9fd1-e1b4a28c1ced,apocrine.audio,available,46,1,8,,,
3aa924bc-11fd-4b4f-be51-ff175132f467,apocryphal.audio,available,54,3,10,,,
2c4d7db0-e394-49ce-8332-b04c42421c66,apodal.audio,available,63,1,6,,,
023a2a45-8660-4de2-9b89-8cc3c70b0b89,apodeictic.audio,available,45,1,10,,,
d9a06335-ca13-460e-bb77-521ffd415c45,apodictic.audio,available,45,1,9,,,
9466678c-d6d0-4ad1-a157-1231bcb13aad,apodous.audio,available,45,1,7,,,
4973e8ae-dbdd-485f-81df-d9c36f1911e8,apogametic.audio,available,41,1,10,,,
17db4894-ae87-4893-aaf1-ae36b45fd570,apogamic.audio,available,41,1,8,,,
7542ecfe-9147-4eda-ac05-76023f76db04,apogamous.audio,available,41,1,9,,,
4f9e5c82-a5fd-4ba7-89d2-2f8e64d4f6d0,apogean.audio,available,50,3,7,,,
352feb1c-30d8-483e-9beb-0870d2d2e4ac,apolitical.audio,available,72,5,10,,,
9985f71d-888c-4478-950e-eb63aae191f0,apologetic.audio,available,58,2,10,,,
39ede054-4a48-4bcc-99ff-70bf8b08138c,apomictic.audio,available,46,1,9,,,
612804ea-050a-48ee-92f7-e2daeab5486e,apopemptic.audio,available,64,1,10,,,
6a56c5c1-2abf-4233-9f1f-943e00a78f3f,apophatic.audio,available,46,1,9,,,
785ee4bd-0a6a-4609-baab-3bdf08e30eb9,apophyseal.audio,available,43,1,10,,,
2586ce10-6226-480c-9a0c-be03970c301a,apoplectic.audio,available,64,2,10,,,
19b2ba80-402b-400e-8a59-c4f9055e0f6f,apostate.audio,available,60,4,8,,,
7730444f-6225-48ec-acd4-863ec78ab0ea,apostolic.audio,available,47,6,9,,,
e70a10e8-bdb9-4b87-b526-b17238a7f5c3,apothecial.audio,available,43,1,10,,,
c82cf1b9-cdc9-45fd-852c-7e3f1967d63e,apotropaic.audio,available,59,1,10,,,
ce730de0-bab1-484f-93cc-5dc90e51e01e,appalled.audio,available,52,1,8,,,
5b3bcef8-ed17-4d6a-924f-952a2b973d8f,appalling.audio,available,50,2,9,,,
03b75eaf-8013-4cab-9f80-c344f39b53f2,appareled.audio,available,46,1,9,,,
f87b2bb4-60bb-443e-af77-b4506fdfa71b,apparent.audio,available,58,6,8,,,
0826ab31-a89d-48bb-a340-e443b351c41a,appealable.audio,available,46,1,10,,,
e118d162-3e50-4419-9445-a348923a9837,appealing.audio,available,78,3,9,,,
78a64d63-fe81-48c3-8b8f-4848c47171d6,appeasable.audio,available,46,1,10,,,
c68fb1ef-6f34-4d11-b3ff-b3523040e90a,appellant.audio,available,64,2,9,,,
ac9c2370-69ff-4f07-938a-73438e6f747a,appellate.audio,available,50,5,9,,,
bf8a27ad-6ef2-49ab-a7ff-1237fe23c64d,appendaged.audio,available,43,1,10,,,
e2bcd87f-2fb1-48e9-a9dc-dc81dc74047f,appendant.audio,available,61,1,9,,,
e0a771c4-f10b-4514-b912-835510e30ded,appetent.audio,available,47,1,8,,,
ddeb80f5-e7ad-40f1-9cef-3e2db9d727d0,appetising.audio,available,62,1,10,,,
6da06283-f23d-4844-8c0b-65dc8fa4525c,appetitive.audio,available,47,1,10,,,
0ba4d61a-e199-4667-a1f6-0a050691977d,appetizing.audio,available,80,3,10,,,
9c9f9787-676e-4fc6-b3ec-5b5eccdd9b91,applicable.audio,available,54,5,10,,,
e0096a05-2458-4080-95b5-a9cbe050d228,applied.audio,available,58,17,7,,,
895ab204-dfa3-4c16-9f6f-15c1a066673f,appointed.audio,available,50,4,9,,,
bd9fb1a9-70c7-4a96-b202-1bf73c76f1df,appointive.audio,available,46,2,10,,,
26d853fe-98d8-44de-8888-e1327464ff0e,apposable.audio,available,43,1,9,,,
adae0c08-a4fd-42b1-98f8-a8a50f7f5291,apposite.audio,available,68,5,8,,,
77030673-e038-4955-bc06-7ffd84449cdd,appositive.audio,available,63,1,10,,,
5dbdd96a-6f29-4150-98db-602ef0173cf3,appressed.audio,available,56,1,9,,,
d4329589-6a89-479e-9f73-83910cdea107,approach.audio,available,78,13,8,,,
bdb9e2fe-b414-4ff4-9c85-c259a07344f8,approval.audio,available,64,8,8,,,
634e5af5-e436-4106-a482-9d005a644af9,approved.audio,available,58,18,8,,,
1d1a3ddc-ccf9-4350-b2c3-cffc18012f97,approving.audio,available,54,2,9,,,
3946a909-a434-4b8b-99e1-f2099406bf8f,apractic.audio,available,43,1,8,,,
a65a059a-0542-45a0-92d1-9aab5fdd6551,apraxic.audio,available,47,1,7,,,
13aebd6f-be38-47ba-a53c-e176e063b9f4,apriori.audio,available,48,14,8,,,
dd28456f-6e5d-47a5-a67b-4e612a71b173,apropos.audio,available,60,11,7,,,
8d3fac21-02b0-4b49-8b39-ba6ac81d1b2c,apsidal.audio,available,47,2,7,,,
4e26c011-7e16-487b-a25b-81c91b3bee37,apt.audio,available,70,29,3,,,
eea4f061-b66f-4f85-a6c2-8b5e8bc4ede5,apteral.audio,available,47,1,7,,,
486e685f-a936-426d-a15c-abb7257977db,apterous.audio,available,43,1,8,,,
845a5e40-e2b1-4237-8d4d-3f2d83a9255e,aquaphobic.audio,available,56,1,10,,,
fe13769e-4987-4ddd-bd44-fcae3e4db53d,aquatic.audio,available,76,13,7,,,
fb786c70-9e2b-4c07-99a8-c22e939f5639,aqueous.audio,available,54,6,7,,,
eec9a63e-074f-4dfa-92f0-a5696fa6b989,aquiferous.audio,available,43,1,10,,,
313d2f65-1b50-474c-870a-c47f5c84fe59,aquiline.audio,available,46,3,8,,,
884dc063-839d-4942-bd57-872abbc397dc,arabian.audio,available,72,16,7,,,
5be4f8f5-72f2-4230-8ad4-74f10e566555,arabic.audio,available,96,18,6,,,
6f479eae-e3d5-4298-ba78-b15dbbe10dc4,arable.audio,available,54,4,6,,,
6c9d4063-34d9-4131-b347-399ef59bd36a,araceous.audio,available,46,1,8,,,
5dd3533f-abd1-4bdb-8ebd-405ce46ef488,arachnoid.audio,available,64,2,9,,,
069b707c-7ab3-4de6-b6e8-d84b8ec10dd1,aramaean.audio,available,74,1,8,,,
7473f34e-b7cc-486b-8f38-7a9ab19b2e0f,aramaic.audio,available,78,3,7,,,
306920cc-dc33-4a92-a81a-1b5f621c3f8f,aramean.audio,available,78,2,7,,,
340ed635-9b74-4c74-ae04-9878dcbd1ec9,araneidal.audio,available,46,1,9,,,
e1101bfc-7cfe-4c0f-a751-739990bfb302,araneidan.audio,available,50,1,9,,,
b4c33303-7b7b-4cdc-a610-ffd3283a21d6,arawak.audio,available,78,5,6,,,
73f52433-959b-4bc9-98cb-62e3b9858d60,arawakan.audio,available,46,1,8,,,
237236de-5f9c-4c7a-a5cf-a3b0eaa0d51e,arbitrable.audio,available,52,1,10,,,
170ffdcb-d5b2-48b9-9ce1-5a40699835c3,arbitral.audio,available,46,2,8,,,
c7fb3252-2edd-42d1-86b2-19b080b0a1d8,arbitrary.audio,available,64,9,9,,,
d2f33849-5e0c-4a2b-9b78-864c89ccfc3f,arborary.audio,available,52,1,8,,,
e2a49e51-0293-4d73-8acf-0c3ae0693a09,arboreal.audio,available,76,7,8,,,
64877e75-3c68-4f62-865b-53152c3c8d38,arboreous.audio,available,50,2,9,,,
6b482937-af0d-42a4-9811-180253d341f6,arboresque.audio,available,52,2,10,,,
5503d363-9a10-4aeb-b13f-85a4b3b39ca2,arborical.audio,available,52,1,9,,,
c994ef18-913e-4a3e-b3c3-ec9b34b90340,arboriform.audio,available,52,1,10,,,
be744853-96e3-4485-8d61-1f139092eb8d,arborous.audio,available,52,1,8,,,
7f5d0abf-7c9d-4512-bfe9-d43b7a504a59,arcadian.audio,available,76,10,8,,,
d85f174b-b7c7-4761-9c36-c9c297eb93ff,arced.audio,available,50,3,5,,,
7b1d2375-b218-4c0e-bdfa-0e4721541cbf,arch.audio,available,64,34,4,,,
90948348-e592-4edd-8bd5-a9fa559be2d2,archaean.audio,available,50,1,8,,,
a9fb646f-b451-47a5-9616-9cfb3dfd24a3,archaic.audio,available,76,9,7,,,
35a45069-de2f-43e6-82d2-070cce6dc13b,archaist.audio,available,50,1,8,,,
47deb9ec-6019-4f2a-8ec8-dd89177dd708,archaistic.audio,available,64,1,10,,,
7a896d9b-06b5-4e52-85d9-a6fe964f3dd5,archducal.audio,available,45,1,9,,,
231c779a-3b54-4565-8775-ecab5bb00185,archean.audio,available,60,4,7,,,
daa3a6b3-8a50-4856-8f6e-0248c48d81b7,arched.audio,available,51,3,6,,,
1957f6fb-4a48-4add-a173-53b8a191da90,archeozoic.audio,available,56,1,10,,,
bdea44ed-534f-40c2-b8b6-722b8c6911a8,archetypal.audio,available,56,4,10,,,
104ae35a-3936-4d79-afe0-b31958d71c6c,arching.audio,available,68,2,7,,,
238138e3-4e86-48d5-b5d8-cfee5a687cd4,archival.audio,available,64,10,8,,,
7dc6b6d0-0dc5-491e-9480-e38da4276611,archosaur.audio,available,50,2,9,,,
6dc83119-fe34-4006-ab16-a1e12060924e,arciform.audio,available,46,1,8,,,
00237a6d-09df-485f-bac7-5ab4c84fc710,arco.audio,available,45,19,4,,,
c7359441-85df-42f3-a181-bce97c396ecc,arctic.audio,available,82,26,6,,,
e36a288d-0a56-4ff7-845f-bd98301375b0,arcuate.audio,available,50,2,7,,,
27a296c3-0d77-4a52-b6fa-1763b753666c,ardent.audio,available,66,19,6,,,
807cef89-e7fa-45dd-b3b3-d71086c7c2eb,arduous.audio,available,60,3,7,,,
b686902e-d6a1-4cbe-b107-6cb3fb9c2655,areal.audio,available,50,11,5,,,
b4e09b8e-c62c-43eb-97bb-195d50efe4d8,arenaceous.audio,available,46,1,10,,,
ef042355-47b4-45d4-bb9c-557d6e2b96e6,areolar.audio,available,50,1,7,,,
03769863-9523-44a4-ad08-a115260cb7bd,areolate.audio,available,46,1,8,,,
50d42c1f-db69-40c9-b09d-5a298587f1ed,argent.audio,available,46,15,6,,,
b9a78ac1-7e98-47c3-8c0b-7805940b7ea5,argentic.audio,available,46,3,8,,,
2b987a9e-e82f-477c-8719-de346e736d19,argentine.audio,available,74,2,9,,,
cfbd4d4a-c932-4806-b6a5-49a06b4e5328,argentous.audio,available,46,1,9,,,
6ab4a4b1-f49c-45eb-a54f-2c58f0755acc,argive.audio,available,68,2,6,,,
2ccce78a-188b-46ca-ac9c-a25f49355626,arguable.audio,available,50,2,8,,,
74a698bd-b32f-42e9-8238-3fd2b9a9cccc,arguseyed.audio,available,46,1,10,,,
6de35459-a5fa-4470-a328-1a1a1fb8aeb6,arid.audio,available,50,7,4,,,
d9e84caa-5afb-4d40-ae2d-891c1b470f5d,ariled.audio,available,50,1,6,,,
dd7db999-6181-492b-89c8-c6dceba24a3f,arillate.audio,available,46,1,8,,,
394f8c54-db58-424b-904a-cea5e8f18004,ariose.audio,available,51,3,6,,,
85184859-b5b7-4954-87e0-ad1990894870,arithmetic.audio,available,82,7,10,,,
18493c22-952f-422d-a1f2-6c5ee349694a,armed.audio,available,70,10,5,,,
83f3499f-1f3b-4379-be73-853e5ee4d841,armenian.audio,available,82,11,8,,,
14023954-44ab-4689-8504-42a0cbf1f9db,armillary.audio,available,52,3,9,,,
78eebe1b-097e-48af-a89e-2a576b6dc154,arminian.audio,available,64,1,8,,,
d817c10d-35d0-4df7-b7c5-32dcf39d1447,armless.audio,available,62,1,7,,,
5c221e2c-a3cc-423c-9b6c-9abe0941a1e8,armlike.audio,available,54,2,7,,,
e2cfadef-dc01-431e-8ec9-6c5341abc202,armorclad.audio,available,52,2,10,,,
236079b0-c92a-4c27-a6f5-eb49871a0d86,armored.audio,available,66,8,7,,,
93c56643-bca0-4e68-ab31-499edc387892,armorial.audio,available,68,2,8,,,
298e99b0-6ec6-4648-8b75-80f90e225f80,armoured.audio,available,58,3,8,,,
c424e384-0177-4910-a1c2-ac3d536a3265,aroid.audio,available,54,3,5,,,
1c79c525-3680-49a3-93dd-6516a3c60c44,aromatic.audio,available,92,6,8,,,
a360d78c-0079-439a-b428-94f42f71c066,around.audio,available,94,21,6,,,
c6a1643f-93c3-4eb3-8da3-128b14465725,arouse.audio,available,74,5,6,,,
022a2097-006b-4bb0-a38a-87d08f0ed778,aroused.audio,available,68,3,7,,,
57ac336c-6e3a-4159-b734-6381ff1cc34f,arranged.audio,available,70,5,8,,,
e56d0bb1-6bb4-4b1f-8ef8-c860bccd05d9,arrayed.audio,available,58,3,7,,,
2fa19bf7-7eab-4cd0-ad1d-8cb4a5e2ac24,arresting.audio,available,66,1,9,,,
0e7e57cf-fbe7-41ea-9119-4f2082b4105b,arrhythmic.audio,available,50,1,10,,,
63d2a430-2265-4124-9a94-318b3a247023,arrogant.audio,available,56,4,8,,,
80aecc74-aa0e-4bf9-a6d2-945c4ec9fb3b,arse.audio,available,44,7,4,,,
dcc34f3a-1895-40b5-a624-eb7cfd869292,arsenical.audio,available,68,1,9,,,
ace89201-60d3-4444-9518-c1c7fcd0a407,arsenious.audio,available,50,1,9,,,
33463a74-91b9-41ef-813f-5a6c3517b29d,arterial.audio,available,74,6,8,,,
9ac8e42c-a5ae-4890-9471-b28b887be46e,arteriolar.audio,available,50,1,10,,,
94aaa35a-24f0-4447-9786-11ecde471c4e,artesian.audio,available,50,6,8,,,
f86d1fbe-58c7-4fea-a19d-103a013a255a,artful.audio,available,66,13,6,,,
22afd6c5-9316-4e4c-997d-4b536cba69f8,arthralgic.audio,available,50,1,10,,,
6be4e8b6-90eb-4f99-bf79-23519759b583,arthritic.audio,available,74,2,9,,,
3e571ffb-4e0e-4adb-a7d6-da9a65974b3e,arthurian.audio,available,54,3,9,,,
ed6ef298-6578-415c-9e01-e016cdcfcecf,articled.audio,available,43,2,8,,,
32d3c068-b087-4024-b01a-0ee00dc2ea02,articular.audio,available,50,4,9,,,
adaa4bb8-051f-4e3c-8d35-e2d96bb8913b,articulary.audio,available,68,1,10,,,
baa235dc-5f57-4736-8cd1-d35bb4f73925,articulate.audio,available,102,17,10,,,
b817aa22-0840-4a69-8df0-1229b968b26f,artistic.audio,available,78,20,8,,,
b9b59b93-9d7b-479a-95f0-c0d5536b54e3,artless.audio,available,62,7,7,,,
af29ebd1-b601-4194-b953-f1025d54de02,arty.audio,available,56,15,4,,,
c1a5a774-8d38-4f75-9062-a454ea3b5bb5,arum.audio,available,53,6,4,,,
a1ede0c8-8c17-499b-882e-202236c8fa69,aryan.audio,available,82,14,5,,,
a70e92d8-b934-4879-995a-073ef8a27194,asat.audio,available,54,5,4,,,
c207535d-c99b-450f-b4c7-0e61a017cc9a,ascendable.audio,available,50,3,10,,,
348c5547-3a8a-44d7-8760-f9639abf1621,ascendant.audio,available,69,17,9,,,
e0ad92ee-44dd-4b4f-bb95-85e8a47b7cf3,ascendent.audio,available,69,5,9,,,
79f5fbe2-deb1-4e7d-9d2e-f445d9f92d21,ascendible.audio,available,50,1,10,,,
5975df8c-a98c-434e-9817-be7f7e6a1c7b,ascending.audio,available,74,8,9,,,
3fab720c-3c73-4ac4-8e32-cfdec0f83f32,ascension.audio,available,52,26,9,,,
295e8445-de9a-4c41-a757-8cd62c365996,ascensive.audio,available,50,2,9,,,
d3e0779b-5059-464e-b7f6-e4e37e9bdbfa,ascent.audio,available,70,29,6,,,
61363504-1101-41e7-b8db-dbf38d8ad455,ascetic.audio,available,78,5,7,,,
b6b6bac8-fa26-4f3f-b4a9-e47db87c4342,ascetical.audio,available,50,1,9,,,
623ef4a9-3207-4f10-bca9-ffc6e465bcaa,ascitic.audio,available,54,1,7,,,
d9218568-56e5-4a3c-ac66-4fd6ad1a601b,ascosporic.audio,available,50,1,10,,,
a7722e9e-1134-4611-9cf3-476c38969a01,ascribable.audio,available,45,1,10,,,
a3b62347-878a-4268-a058-0a2d0f7bae15,aseptic.audio,available,72,4,7,,,
ea342159-f7fe-424b-a9bc-703857cca53b,asexual.audio,available,78,4,7,,,
fd352bfa-0b17-48ee-956f-64151e971b76,ashblonde.audio,available,74,1,10,,,
bb51dd33-a935-4ddc-839b-1b60e1d4fd0a,ashen.audio,available,68,8,5,,,
81c6de40-2b1d-4b05-8665-042d971719af,ashgray.audio,available,60,2,8,,,
b47fddf1-8993-4232-b3c0-eb86b9dafab8,ashgrey.audio,available,60,2,8,,,
c0f163c3-b37d-456a-aa93-f4473855bc45,ashy.audio,available,60,10,4,,,
1cac6ebf-9fbe-4fd7-98c0-c1f2b4b54750,asian.audio,available,82,21,5,,,